{
  "Add Product to Cart-1" : {
    "transaction" : "Add Product to Cart-1",
    "sampleCount" : 1805,
    "errorCount" : 0,
    "errorPct" : 0.0,
    "meanResTime" : 20.350138504155144,
    "medianResTime" : 18.0,
    "minResTime" : 9.0,
    "maxResTime" : 205.0,
    "pct1ResTime" : 29.0,
    "pct2ResTime" : 33.69999999999982,
    "pct3ResTime" : 43.940000000000055,
    "throughput" : 3.053349888523126,
    "receivedKBytesPerSec" : 77.53998495421666,
    "sentKBytesPerSec" : 2.607908905716615
  },
  "Add Product to Cart-0" : {
    "transaction" : "Add Product to Cart-0",
    "sampleCount" : 1805,
    "errorCount" : 0,
    "errorPct" : 0.0,
    "meanResTime" : 8.608310249307491,
    "medianResTime" : 6.0,
    "minResTime" : 3.0,
    "maxResTime" : 1957.0,
    "pct1ResTime" : 9.0,
    "pct2ResTime" : 11.0,
    "pct3ResTime" : 18.0,
    "throughput" : 3.053360218691639,
    "receivedKBytesPerSec" : 2.78086195999506,
    "sentKBytesPerSec" : 2.5709781362280766
  },
  "Add Product to Cart" : {
    "transaction" : "Add Product to Cart",
    "sampleCount" : 1805,
    "errorCount" : 0,
    "errorPct" : 0.0,
    "meanResTime" : 29.091966759002773,
    "medianResTime" : 25.0,
    "minResTime" : 13.0,
    "maxResTime" : 1983.0,
    "pct1ResTime" : 38.40000000000009,
    "pct2ResTime" : 44.0,
    "pct3ResTime" : 62.940000000000055,
    "throughput" : 3.053298238729016,
    "receivedKBytesPerSec" : 80.31947881636907,
    "sentKBytesPerSec" : 5.1787907390123555
  },
  "Add Product 2 to Cart-1" : {
    "transaction" : "Add Product 2 to Cart-1",
    "sampleCount" : 1793,
    "errorCount" : 0,
    "errorPct" : 0.0,
    "meanResTime" : 21.48745119910767,
    "medianResTime" : 19.0,
    "minResTime" : 9.0,
    "maxResTime" : 232.0,
    "pct1ResTime" : 30.0,
    "pct2ResTime" : 34.0,
    "pct3ResTime" : 48.0,
    "throughput" : 3.0538277593454284,
    "receivedKBytesPerSec" : 79.26338593791516,
    "sentKBytesPerSec" : 2.956892040461089
  },
  "Add Product 2 to Cart-0" : {
    "transaction" : "Add Product 2 to Cart-0",
    "sampleCount" : 1793,
    "errorCount" : 0,
    "errorPct" : 0.0,
    "meanResTime" : 8.302844394868943,
    "medianResTime" : 6.0,
    "minResTime" : 3.0,
    "maxResTime" : 2111.0,
    "pct1ResTime" : 9.0,
    "pct2ResTime" : 11.0,
    "pct3ResTime" : 18.059999999999945,
    "throughput" : 3.053853765880295,
    "receivedKBytesPerSec" : 3.1298894074450674,
    "sentKBytesPerSec" : 2.947990343762934
  },
  "Add Product 2 to Cart" : {
    "transaction" : "Add Product 2 to Cart",
    "sampleCount" : 1793,
    "errorCount" : 0,
    "errorPct" : 0.0,
    "meanResTime" : 29.944227551589442,
    "medianResTime" : 26.0,
    "minResTime" : 14.0,
    "maxResTime" : 2126.0,
    "pct1ResTime" : 40.0,
    "pct2ResTime" : 44.299999999999955,
    "pct3ResTime" : 68.11999999999989,
    "throughput" : 3.053760144427697,
    "receivedKBytesPerSec" : 82.39142441922354,
    "sentKBytesPerSec" : 5.904726539547301
  },
  "Login" : {
    "transaction" : "Login",
    "sampleCount" : 1825,
    "errorCount" : 0,
    "errorPct" : 0.0,
    "meanResTime" : 20.895890410958888,
    "medianResTime" : 20.0,
    "minResTime" : 11.0,
    "maxResTime" : 133.0,
    "pct1ResTime" : 28.0,
    "pct2ResTime" : 31.0,
    "pct3ResTime" : 40.74000000000001,
    "throughput" : 3.0595548641054697,
    "receivedKBytesPerSec" : 31.217040368940406,
    "sentKBytesPerSec" : 3.050065790907506
  },
  "Login-0" : {
    "transaction" : "Login-0",
    "sampleCount" : 1825,
    "errorCount" : 0,
    "errorPct" : 0.0,
    "meanResTime" : 13.1676712328767,
    "medianResTime" : 12.0,
    "minResTime" : 7.0,
    "maxResTime" : 118.0,
    "pct1ResTime" : 17.0,
    "pct2ResTime" : 19.0,
    "pct3ResTime" : 26.74000000000001,
    "throughput" : 3.0595805105559717,
    "receivedKBytesPerSec" : 2.399280534927836,
    "sentKBytesPerSec" : 0.8241073752445569
  },
  "Login-1" : {
    "transaction" : "Login-1",
    "sampleCount" : 1825,
    "errorCount" : 0,
    "errorPct" : 0.0,
    "meanResTime" : 7.610410958904107,
    "medianResTime" : 7.0,
    "minResTime" : 3.0,
    "maxResTime" : 71.0,
    "pct1ResTime" : 11.0,
    "pct2ResTime" : 12.0,
    "pct3ResTime" : 16.0,
    "throughput" : 3.059821608208705,
    "receivedKBytesPerSec" : 28.82029239372359,
    "sentKBytesPerSec" : 2.2261593920805107
  },
  "Logout-1" : {
    "transaction" : "Logout-1",
    "sampleCount" : 1789,
    "errorCount" : 0,
    "errorPct" : 0.0,
    "meanResTime" : 7.906651760760211,
    "medianResTime" : 7.0,
    "minResTime" : 3.0,
    "maxResTime" : 377.0,
    "pct1ResTime" : 10.0,
    "pct2ResTime" : 12.0,
    "pct3ResTime" : 17.0,
    "throughput" : 3.052874975469493,
    "receivedKBytesPerSec" : 28.116859271145298,
    "sentKBytesPerSec" : 2.187692977768961
  },
  "Logout-0" : {
    "transaction" : "Logout-0",
    "sampleCount" : 1789,
    "errorCount" : 0,
    "errorPct" : 0.0,
    "meanResTime" : 5.186696478479599,
    "medianResTime" : 5.0,
    "minResTime" : 2.0,
    "maxResTime" : 67.0,
    "pct1ResTime" : 7.0,
    "pct2ResTime" : 9.0,
    "pct3ResTime" : 14.0,
    "throughput" : 3.0528958141709652,
    "receivedKBytesPerSec" : 4.150030247388656,
    "sentKBytesPerSec" : 3.2468314633848747
  },
  "Look at Product" : {
    "transaction" : "Look at Product",
    "sampleCount" : 1813,
    "errorCount" : 0,
    "errorPct" : 0.0,
    "meanResTime" : 24.010479867622735,
    "medianResTime" : 22.0,
    "minResTime" : 12.0,
    "maxResTime" : 761.0,
    "pct1ResTime" : 33.0,
    "pct2ResTime" : 37.0,
    "pct3ResTime" : 48.0,
    "throughput" : 3.0598846256409216,
    "receivedKBytesPerSec" : 327.27773636205796,
    "sentKBytesPerSec" : 2.2638450865898405
  },
  "Total" : {
    "transaction" : "Total",
    "sampleCount" : 28901,
    "errorCount" : 0,
    "errorPct" : 0.0,
    "meanResTime" : 15.533926161724487,
    "medianResTime" : 13.0,
    "minResTime" : 2.0,
    "maxResTime" : 2126.0,
    "pct1ResTime" : 27.0,
    "pct2ResTime" : 32.0,
    "pct3ResTime" : 44.0,
    "throughput" : 48.29228352772115,
    "receivedKBytesPerSec" : 1496.60863436205,
    "sentKBytesPerSec" : 46.14018102191458
  },
  "Logout" : {
    "transaction" : "Logout",
    "sampleCount" : 1789,
    "errorCount" : 0,
    "errorPct" : 0.0,
    "meanResTime" : 13.239239798770269,
    "medianResTime" : 12.0,
    "minResTime" : 6.0,
    "maxResTime" : 381.0,
    "pct1ResTime" : 18.0,
    "pct2ResTime" : 20.0,
    "pct3ResTime" : 27.09999999999991,
    "throughput" : 3.052848927492705,
    "receivedKBytesPerSec" : 32.26658588110698,
    "sentKBytesPerSec" : 5.4344559099887375
  },
  "List Products with different page" : {
    "transaction" : "List Products with different page",
    "sampleCount" : 1801,
    "errorCount" : 0,
    "errorPct" : 0.0,
    "meanResTime" : 15.72570794003334,
    "medianResTime" : 14.0,
    "minResTime" : 7.0,
    "maxResTime" : 499.0,
    "pct1ResTime" : 21.0,
    "pct2ResTime" : 25.0,
    "pct3ResTime" : 32.98000000000002,
    "throughput" : 3.056121661131936,
    "receivedKBytesPerSec" : 353.47092056385105,
    "sentKBytesPerSec" : 2.674711306483526
  },
  "List Products" : {
    "transaction" : "List Products",
    "sampleCount" : 1818,
    "errorCount" : 0,
    "errorPct" : 0.0,
    "meanResTime" : 15.332233223322318,
    "medianResTime" : 14.0,
    "minResTime" : 7.0,
    "maxResTime" : 218.0,
    "pct1ResTime" : 22.0,
    "pct2ResTime" : 25.0,
    "pct3ResTime" : 34.0,
    "throughput" : 3.059740679403805,
    "receivedKBytesPerSec" : 354.01990978614214,
    "sentKBytesPerSec" : 2.3015080278220976
  },
  "Home" : {
    "transaction" : "Home",
    "sampleCount" : 1833,
    "errorCount" : 0,
    "errorPct" : 0.0,
    "meanResTime" : 7.7304964539007095,
    "medianResTime" : 7.0,
    "minResTime" : 3.0,
    "maxResTime" : 100.0,
    "pct1ResTime" : 11.0,
    "pct2ResTime" : 12.0,
    "pct3ResTime" : 21.0,
    "throughput" : 3.0641464772345453,
    "receivedKBytesPerSec" : 27.28406990178182,
    "sentKBytesPerSec" : 0.43987258999363105
  }
}