{
  "Add Product to Cart-1" : {
    "transaction" : "Add Product to Cart-1",
    "sampleCount" : 3622,
    "errorCount" : 0,
    "errorPct" : 0.0,
    "meanResTime" : 18.59745996686917,
    "medianResTime" : 17.0,
    "minResTime" : 9.0,
    "maxResTime" : 204.0,
    "pct1ResTime" : 26.0,
    "pct2ResTime" : 30.0,
    "pct3ResTime" : 42.0,
    "throughput" : 6.117581883039671,
    "receivedKBytesPerSec" : 157.04505531971628,
    "sentKBytesPerSec" : 5.220095900738772
  },
  "Add Product to Cart-0" : {
    "transaction" : "Add Product to Cart-0",
    "sampleCount" : 3622,
    "errorCount" : 0,
    "errorPct" : 0.0,
    "meanResTime" : 6.029265599116513,
    "medianResTime" : 5.0,
    "minResTime" : 2.0,
    "maxResTime" : 131.0,
    "pct1ResTime" : 8.0,
    "pct2ResTime" : 10.0,
    "pct3ResTime" : 15.0,
    "throughput" : 6.11764387948478,
    "receivedKBytesPerSec" : 5.563515446332961,
    "sentKBytesPerSec" : 5.1228913858524
  },
  "Add Product to Cart" : {
    "transaction" : "Add Product to Cart",
    "sampleCount" : 3622,
    "errorCount" : 0,
    "errorPct" : 0.0,
    "meanResTime" : 24.748757592490364,
    "medianResTime" : 23.0,
    "minResTime" : 13.0,
    "maxResTime" : 212.0,
    "pct1ResTime" : 34.0,
    "pct2ResTime" : 39.0,
    "pct3ResTime" : 56.0,
    "throughput" : 6.117488890728001,
    "receivedKBytesPerSec" : 162.60604260106018,
    "sentKBytesPerSec" : 10.342778149822742
  },
  "Add Product 2 to Cart-1" : {
    "transaction" : "Add Product 2 to Cart-1",
    "sampleCount" : 3605,
    "errorCount" : 0,
    "errorPct" : 0.0,
    "meanResTime" : 19.01414701803051,
    "medianResTime" : 17.0,
    "minResTime" : 9.0,
    "maxResTime" : 205.0,
    "pct1ResTime" : 27.0,
    "pct2ResTime" : 31.0,
    "pct3ResTime" : 42.0,
    "throughput" : 6.128815634005152,
    "receivedKBytesPerSec" : 160.76105116679133,
    "sentKBytesPerSec" : 5.92877974621943
  },
  "Add Product 2 to Cart-0" : {
    "transaction" : "Add Product 2 to Cart-0",
    "sampleCount" : 3605,
    "errorCount" : 0,
    "errorPct" : 0.0,
    "meanResTime" : 6.165048543689319,
    "medianResTime" : 5.0,
    "minResTime" : 2.0,
    "maxResTime" : 191.0,
    "pct1ResTime" : 8.0,
    "pct2ResTime" : 10.0,
    "pct3ResTime" : 14.0,
    "throughput" : 6.128867732063924,
    "receivedKBytesPerSec" : 6.272811915589935,
    "sentKBytesPerSec" : 5.91273562351241
  },
  "Add Product 2 to Cart" : {
    "transaction" : "Add Product 2 to Cart",
    "sampleCount" : 3605,
    "errorCount" : 0,
    "errorPct" : 0.0,
    "meanResTime" : 25.28515950069355,
    "medianResTime" : 23.0,
    "minResTime" : 12.0,
    "maxResTime" : 229.0,
    "pct1ResTime" : 35.0,
    "pct2ResTime" : 40.0,
    "pct3ResTime" : 55.0,
    "throughput" : 6.128721859731322,
    "receivedKBytesPerSec" : 167.03125405092788,
    "sentKBytesPerSec" : 11.84128392791569
  },
  "Login" : {
    "transaction" : "Login",
    "sampleCount" : 3667,
    "errorCount" : 0,
    "errorPct" : 0.0,
    "meanResTime" : 19.286883010635446,
    "medianResTime" : 18.0,
    "minResTime" : 8.0,
    "maxResTime" : 147.0,
    "pct1ResTime" : 26.0,
    "pct2ResTime" : 28.0,
    "pct3ResTime" : 37.0,
    "throughput" : 6.144200206761469,
    "receivedKBytesPerSec" : 62.70536475010179,
    "sentKBytesPerSec" : 6.094436381787398
  },
  "Login-0" : {
    "transaction" : "Login-0",
    "sampleCount" : 3667,
    "errorCount" : 0,
    "errorPct" : 0.0,
    "meanResTime" : 12.307062994273249,
    "medianResTime" : 11.0,
    "minResTime" : 4.0,
    "maxResTime" : 141.0,
    "pct1ResTime" : 16.0,
    "pct2ResTime" : 18.0,
    "pct3ResTime" : 24.0,
    "throughput" : 6.144241386416987,
    "receivedKBytesPerSec" : 4.786209850159764,
    "sentKBytesPerSec" : 1.6555741774306785
  },
  "Login-1" : {
    "transaction" : "Login-1",
    "sampleCount" : 3667,
    "errorCount" : 0,
    "errorPct" : 0.0,
    "meanResTime" : 6.87592037087537,
    "medianResTime" : 6.0,
    "minResTime" : 3.0,
    "maxResTime" : 135.0,
    "pct1ResTime" : 9.0,
    "pct2ResTime" : 10.0,
    "pct3ResTime" : 14.0,
    "throughput" : 6.14441640611124,
    "receivedKBytesPerSec" : 57.92122501212714,
    "sentKBytesPerSec" : 4.439029493345364
  },
  "Logout-1" : {
    "transaction" : "Logout-1",
    "sampleCount" : 3590,
    "errorCount" : 0,
    "errorPct" : 0.0,
    "meanResTime" : 6.742339832869084,
    "medianResTime" : 6.0,
    "minResTime" : 3.0,
    "maxResTime" : 205.0,
    "pct1ResTime" : 9.0,
    "pct2ResTime" : 10.0,
    "pct3ResTime" : 14.0,
    "throughput" : 6.132045660680948,
    "receivedKBytesPerSec" : 56.49484346095903,
    "sentKBytesPerSec" : 4.388048345159015
  },
  "Logout-0" : {
    "transaction" : "Logout-0",
    "sampleCount" : 3590,
    "errorCount" : 0,
    "errorPct" : 0.0,
    "meanResTime" : 4.689136490250717,
    "medianResTime" : 4.0,
    "minResTime" : 2.0,
    "maxResTime" : 137.0,
    "pct1ResTime" : 6.0,
    "pct2ResTime" : 8.0,
    "pct3ResTime" : 13.0,
    "throughput" : 6.132045660680948,
    "receivedKBytesPerSec" : 8.320570248219743,
    "sentKBytesPerSec" : 6.516778081331593
  },
  "Look at Product" : {
    "transaction" : "Look at Product",
    "sampleCount" : 3632,
    "errorCount" : 0,
    "errorPct" : 0.0,
    "meanResTime" : 21.675385462555063,
    "medianResTime" : 20.0,
    "minResTime" : 11.0,
    "maxResTime" : 230.0,
    "pct1ResTime" : 30.0,
    "pct2ResTime" : 35.0,
    "pct3ResTime" : 48.0,
    "throughput" : 6.111844053741149,
    "receivedKBytesPerSec" : 662.5858390181378,
    "sentKBytesPerSec" : 4.49287342860232
  },
  "Total" : {
    "transaction" : "Total",
    "sampleCount" : 58020,
    "errorCount" : 0,
    "errorPct" : 0.0,
    "meanResTime" : 13.584677697345809,
    "medianResTime" : 11.0,
    "minResTime" : 2.0,
    "maxResTime" : 230.0,
    "pct1ResTime" : 23.0,
    "pct2ResTime" : 27.0,
    "pct3ResTime" : 37.0,
    "throughput" : 96.98627114365902,
    "receivedKBytesPerSec" : 3022.4120350181533,
    "sentKBytesPerSec" : 92.44588212404864
  },
  "Logout" : {
    "transaction" : "Logout",
    "sampleCount" : 3590,
    "errorCount" : 0,
    "errorPct" : 0.0,
    "meanResTime" : 11.551253481894138,
    "medianResTime" : 11.0,
    "minResTime" : 5.0,
    "maxResTime" : 212.0,
    "pct1ResTime" : 16.0,
    "pct2ResTime" : 18.0,
    "pct3ResTime" : 26.0,
    "throughput" : 6.131972342925857,
    "receivedKBytesPerSec" : 64.8146387442011,
    "sentKBytesPerSec" : 10.904696043020312
  },
  "List Products with different page" : {
    "transaction" : "List Products with different page",
    "sampleCount" : 3612,
    "errorCount" : 0,
    "errorPct" : 0.0,
    "meanResTime" : 13.514950166112932,
    "medianResTime" : 12.0,
    "minResTime" : 7.0,
    "maxResTime" : 111.0,
    "pct1ResTime" : 19.0,
    "pct2ResTime" : 21.0,
    "pct3ResTime" : 27.0,
    "throughput" : 6.126779556368238,
    "receivedKBytesPerSec" : 710.098633536379,
    "sentKBytesPerSec" : 5.357897451924626
  },
  "List Products" : {
    "transaction" : "List Products",
    "sampleCount" : 3648,
    "errorCount" : 0,
    "errorPct" : 0.0,
    "meanResTime" : 13.768366228070164,
    "medianResTime" : 13.0,
    "minResTime" : 7.0,
    "maxResTime" : 181.0,
    "pct1ResTime" : 19.0,
    "pct2ResTime" : 21.0,
    "pct3ResTime" : 30.0,
    "throughput" : 6.125605130194296,
    "receivedKBytesPerSec" : 710.6126104945066,
    "sentKBytesPerSec" : 4.578514120963909
  },
  "Home" : {
    "transaction" : "Home",
    "sampleCount" : 3676,
    "errorCount" : 0,
    "errorPct" : 0.0,
    "meanResTime" : 7.093579978237232,
    "medianResTime" : 6.0,
    "minResTime" : 3.0,
    "maxResTime" : 149.0,
    "pct1ResTime" : 10.0,
    "pct2ResTime" : 12.0,
    "pct3ResTime" : 19.0,
    "throughput" : 6.144804080042927,
    "receivedKBytesPerSec" : 54.715159767413475,
    "sentKBytesPerSec" : 0.8821154294592872
  }
}