{
  "Add Product to Cart-1" : {
    "transaction" : "Add Product to Cart-1",
    "sampleCount" : 358,
    "errorCount" : 0,
    "errorPct" : 0.0,
    "meanResTime" : 36.40502793296093,
    "medianResTime" : 23.0,
    "minResTime" : 12.0,
    "maxResTime" : 1502.0,
    "pct1ResTime" : 43.0,
    "pct2ResTime" : 52.10000000000002,
    "pct3ResTime" : 185.01000000000153,
    "throughput" : 0.6157550739594083,
    "receivedKBytesPerSec" : 16.18915716643017,
    "sentKBytesPerSec" : 0.5264938349243207
  },
  "Add Product to Cart-0" : {
    "transaction" : "Add Product to Cart-0",
    "sampleCount" : 358,
    "errorCount" : 0,
    "errorPct" : 0.0,
    "meanResTime" : 14.888268156424587,
    "medianResTime" : 11.0,
    "minResTime" : 4.0,
    "maxResTime" : 288.0,
    "pct1ResTime" : 23.0,
    "pct2ResTime" : 29.05000000000001,
    "pct3ResTime" : 50.050000000000125,
    "throughput" : 0.6154798335797546,
    "receivedKBytesPerSec" : 0.5605186019324004,
    "sentKBytesPerSec" : 0.5186815133626174
  },
  "Add Product to Cart" : {
    "transaction" : "Add Product to Cart",
    "sampleCount" : 358,
    "errorCount" : 0,
    "errorPct" : 0.0,
    "meanResTime" : 51.57262569832402,
    "medianResTime" : 37.0,
    "minResTime" : 17.0,
    "maxResTime" : 1791.0,
    "pct1ResTime" : 63.0,
    "pct2ResTime" : 75.10000000000002,
    "pct3ResTime" : 216.53000000000083,
    "throughput" : 0.6154480909075281,
    "receivedKBytesPerSec" : 16.74157579907253,
    "sentKBytesPerSec" : 1.044886115779023
  },
  "Add Product 2 to Cart-1" : {
    "transaction" : "Add Product 2 to Cart-1",
    "sampleCount" : 355,
    "errorCount" : 0,
    "errorPct" : 0.0,
    "meanResTime" : 29.60281690140845,
    "medianResTime" : 24.0,
    "minResTime" : 13.0,
    "maxResTime" : 146.0,
    "pct1ResTime" : 48.0,
    "pct2ResTime" : 59.39999999999998,
    "pct3ResTime" : 121.32,
    "throughput" : 0.6156855875808412,
    "receivedKBytesPerSec" : 16.54430096272414,
    "sentKBytesPerSec" : 0.5959406971208461
  },
  "Add Product 2 to Cart-0" : {
    "transaction" : "Add Product 2 to Cart-0",
    "sampleCount" : 355,
    "errorCount" : 0,
    "errorPct" : 0.0,
    "meanResTime" : 13.991549295774638,
    "medianResTime" : 11.0,
    "minResTime" : 4.0,
    "maxResTime" : 221.0,
    "pct1ResTime" : 21.400000000000034,
    "pct2ResTime" : 28.19999999999999,
    "pct3ResTime" : 56.27999999999997,
    "throughput" : 0.6156653000631274,
    "receivedKBytesPerSec" : 0.6301914919607986,
    "sentKBytesPerSec" : 0.59488625746169
  },
  "Add Product 2 to Cart" : {
    "transaction" : "Add Product 2 to Cart",
    "sampleCount" : 355,
    "errorCount" : 0,
    "errorPct" : 0.0,
    "meanResTime" : 43.85352112676055,
    "medianResTime" : 37.0,
    "minResTime" : 17.0,
    "maxResTime" : 244.0,
    "pct1ResTime" : 68.0,
    "pct2ResTime" : 88.39999999999992,
    "pct3ResTime" : 153.88,
    "throughput" : 0.6156300670256397,
    "receivedKBytesPerSec" : 17.17296447825352,
    "sentKBytesPerSec" : 1.190739170655256
  },
  "Login" : {
    "transaction" : "Login",
    "sampleCount" : 362,
    "errorCount" : 0,
    "errorPct" : 0.0,
    "meanResTime" : 32.51657458563536,
    "medianResTime" : 27.0,
    "minResTime" : 14.0,
    "maxResTime" : 432.0,
    "pct1ResTime" : 46.0,
    "pct2ResTime" : 58.0,
    "pct3ResTime" : 147.4900000000008,
    "throughput" : 0.6131758273215565,
    "receivedKBytesPerSec" : 6.256278184173796,
    "sentKBytesPerSec" : 0.6120063389380201
  },
  "Login-0" : {
    "transaction" : "Login-0",
    "sampleCount" : 362,
    "errorCount" : 0,
    "errorPct" : 0.0,
    "meanResTime" : 20.31767955801105,
    "medianResTime" : 16.0,
    "minResTime" : 8.0,
    "maxResTime" : 417.0,
    "pct1ResTime" : 28.69999999999999,
    "pct2ResTime" : 33.0,
    "pct3ResTime" : 48.0,
    "throughput" : 0.6131841364859806,
    "receivedKBytesPerSec" : 0.4808151151371788,
    "sentKBytesPerSec" : 0.16533183721485667
  },
  "Login-1" : {
    "transaction" : "Login-1",
    "sampleCount" : 362,
    "errorCount" : 0,
    "errorPct" : 0.0,
    "meanResTime" : 11.917127071823213,
    "medianResTime" : 9.0,
    "minResTime" : 5.0,
    "maxResTime" : 313.0,
    "pct1ResTime" : 18.69999999999999,
    "pct2ResTime" : 28.0,
    "pct3ResTime" : 53.700000000000045,
    "throughput" : 0.6133701129482092,
    "receivedKBytesPerSec" : 5.77729955018113,
    "sentKBytesPerSec" : 0.44681827226601284
  },
  "Logout-1" : {
    "transaction" : "Logout-1",
    "sampleCount" : 355,
    "errorCount" : 0,
    "errorPct" : 0.0,
    "meanResTime" : 11.828169014084516,
    "medianResTime" : 9.0,
    "minResTime" : 5.0,
    "maxResTime" : 64.0,
    "pct1ResTime" : 19.0,
    "pct2ResTime" : 28.0,
    "pct3ResTime" : 60.879999999999995,
    "throughput" : 0.6154934436944863,
    "receivedKBytesPerSec" : 5.668670573713575,
    "sentKBytesPerSec" : 0.43874902908076485
  },
  "Logout-0" : {
    "transaction" : "Logout-0",
    "sampleCount" : 355,
    "errorCount" : 0,
    "errorPct" : 0.0,
    "meanResTime" : 10.69577464788732,
    "medianResTime" : 8.0,
    "minResTime" : 3.0,
    "maxResTime" : 408.0,
    "pct1ResTime" : 16.0,
    "pct2ResTime" : 21.0,
    "pct3ResTime" : 38.879999999999995,
    "throughput" : 0.6154646324549238,
    "receivedKBytesPerSec" : 0.836647234743412,
    "sentKBytesPerSec" : 0.6538278947425451
  },
  "Look at Product" : {
    "transaction" : "Look at Product",
    "sampleCount" : 360,
    "errorCount" : 0,
    "errorPct" : 0.0,
    "meanResTime" : 45.08055555555558,
    "medianResTime" : 34.0,
    "minResTime" : 15.0,
    "maxResTime" : 1483.0,
    "pct1ResTime" : 61.900000000000034,
    "pct2ResTime" : 82.89999999999998,
    "pct3ResTime" : 364.4999999999993,
    "throughput" : 0.6138662146792464,
    "receivedKBytesPerSec" : 67.14761867867003,
    "sentKBytesPerSec" : 0.45493940895340923
  },
  "Total" : {
    "transaction" : "Total",
    "sampleCount" : 5733,
    "errorCount" : 0,
    "errorPct" : 0.0,
    "meanResTime" : 27.222222222222218,
    "medianResTime" : 19.0,
    "minResTime" : 3.0,
    "maxResTime" : 3686.0,
    "pct1ResTime" : 44.0,
    "pct2ResTime" : 56.0,
    "pct3ResTime" : 116.65999999999985,
    "throughput" : 9.592169657422511,
    "receivedKBytesPerSec" : 300.1494855063371,
    "sentKBytesPerSec" : 9.164426540866693
  },
  "Logout" : {
    "transaction" : "Logout",
    "sampleCount" : 355,
    "errorCount" : 0,
    "errorPct" : 0.0,
    "meanResTime" : 22.8450704225352,
    "medianResTime" : 18.0,
    "minResTime" : 9.0,
    "maxResTime" : 423.0,
    "pct1ResTime" : 36.0,
    "pct2ResTime" : 50.19999999999999,
    "pct3ResTime" : 86.67999999999995,
    "throughput" : 0.6154571633145922,
    "receivedKBytesPerSec" : 6.504973514212726,
    "sentKBytesPerSec" : 1.0925431269688128
  },
  "List Products with different page" : {
    "transaction" : "List Products with different page",
    "sampleCount" : 358,
    "errorCount" : 0,
    "errorPct" : 0.0,
    "meanResTime" : 25.14525139664806,
    "medianResTime" : 21.0,
    "minResTime" : 10.0,
    "maxResTime" : 126.0,
    "pct1ResTime" : 42.0,
    "pct2ResTime" : 52.10000000000002,
    "pct3ResTime" : 80.87000000000018,
    "throughput" : 0.6172477646320479,
    "receivedKBytesPerSec" : 70.86951175626386,
    "sentKBytesPerSec" : 0.5405851315918785
  },
  "List Products" : {
    "transaction" : "List Products",
    "sampleCount" : 362,
    "errorCount" : 0,
    "errorPct" : 0.0,
    "meanResTime" : 36.54696132596683,
    "medianResTime" : 22.0,
    "minResTime" : 10.0,
    "maxResTime" : 1841.0,
    "pct1ResTime" : 44.0,
    "pct2ResTime" : 67.39999999999986,
    "pct3ResTime" : 160.0500000000003,
    "throughput" : 0.6142266428441747,
    "receivedKBytesPerSec" : 70.42175700899197,
    "sentKBytesPerSec" : 0.4626898540405763
  },
  "Home" : {
    "transaction" : "Home",
    "sampleCount" : 363,
    "errorCount" : 0,
    "errorPct" : 0.0,
    "meanResTime" : 28.066115702479365,
    "medianResTime" : 12.0,
    "minResTime" : 4.0,