{
  "Add Product to Cart-1" : {
    "transaction" : "Add Product to Cart-1",
    "sampleCount" : 3626,
    "errorCount" : 0,
    "errorPct" : 0.0,
    "meanResTime" : 18.35576392719247,
    "medianResTime" : 16.0,
    "minResTime" : 9.0,
    "maxResTime" : 267.0,
    "pct1ResTime" : 26.0,
    "pct2ResTime" : 29.649999999999636,
    "pct3ResTime" : 42.460000000000036,
    "throughput" : 6.131556207904736,
    "receivedKBytesPerSec" : 157.46488247780144,
    "sentKBytesPerSec" : 5.231991882790213
  },
  "Add Product to Cart-0" : {
    "transaction" : "Add Product to Cart-0",
    "sampleCount" : 3626,
    "errorCount" : 0,
    "errorPct" : 0.0,
    "meanResTime" : 6.028405956977379,
    "medianResTime" : 5.0,
    "minResTime" : 3.0,
    "maxResTime" : 125.0,
    "pct1ResTime" : 8.0,
    "pct2ResTime" : 10.0,
    "pct3ResTime" : 15.0,
    "throughput" : 6.131722107513135,
    "receivedKBytesPerSec" : 5.576108774653294,
    "sentKBytesPerSec" : 5.134637545002883
  },
  "Add Product to Cart" : {
    "transaction" : "Add Product to Cart",
    "sampleCount" : 3626,
    "errorCount" : 0,
    "errorPct" : 0.0,
    "meanResTime" : 24.48648648648644,
    "medianResTime" : 22.0,
    "minResTime" : 12.0,
    "maxResTime" : 276.0,
    "pct1ResTime" : 34.0,
    "pct2ResTime" : 39.0,
    "pct3ResTime" : 57.0,
    "throughput" : 6.131462893319986,
    "receivedKBytesPerSec" : 163.03835910867198,
    "sentKBytesPerSec" : 10.366332740295515
  },
  "Add Product 2 to Cart-1" : {
    "transaction" : "Add Product 2 to Cart-1",
    "sampleCount" : 3604,
    "errorCount" : 0,
    "errorPct" : 0.0,
    "meanResTime" : 18.665094339622627,
    "medianResTime" : 17.0,
    "minResTime" : 9.0,
    "maxResTime" : 189.0,
    "pct1ResTime" : 27.0,
    "pct2ResTime" : 31.0,
    "pct3ResTime" : 39.0,
    "throughput" : 6.125511804867437,
    "receivedKBytesPerSec" : 160.74429811082604,
    "sentKBytesPerSec" : 5.925144860004691
  },
  "Add Product 2 to Cart-0" : {
    "transaction" : "Add Product 2 to Cart-0",
    "sampleCount" : 3604,
    "errorCount" : 0,
    "errorPct" : 0.0,
    "meanResTime" : 6.050221975582685,
    "medianResTime" : 5.0,
    "minResTime" : 3.0,
    "maxResTime" : 166.0,
    "pct1ResTime" : 8.0,
    "pct2ResTime" : 10.0,
    "pct3ResTime" : 15.0,
    "throughput" : 6.125709623686984,
    "receivedKBytesPerSec" : 6.269046902620083,
    "sentKBytesPerSec" : 5.909839747743652
  },
  "Add Product 2 to Cart" : {
    "transaction" : "Add Product 2 to Cart",
    "sampleCount" : 3604,
    "errorCount" : 0,
    "errorPct" : 0.0,
    "meanResTime" : 24.819922308546033,
    "medianResTime" : 23.0,
    "minResTime" : 12.0,
    "maxResTime" : 200.0,
    "pct1ResTime" : 35.0,
    "pct2ResTime" : 40.0,
    "pct3ResTime" : 51.0,
    "throughput" : 6.125428516555143,
    "receivedKBytesPerSec" : 167.01087169551488,
    "sentKBytesPerSec" : 11.834632842893976
  },
  "Login" : {
    "transaction" : "Login",
    "sampleCount" : 3665,
    "errorCount" : 0,
    "errorPct" : 0.0,
    "meanResTime" : 19.049931787175947,
    "medianResTime" : 18.0,
    "minResTime" : 7.0,
    "maxResTime" : 180.0,
    "pct1ResTime" : 26.0,
    "pct2ResTime" : 29.0,
    "pct3ResTime" : 38.0,
    "throughput" : 6.146028977730078,
    "receivedKBytesPerSec" : 62.72402211428008,
    "sentKBytesPerSec" : 6.096214988387107
  },
  "Login-0" : {
    "transaction" : "Login-0",
    "sampleCount" : 3665,
    "errorCount" : 0,
    "errorPct" : 0.0,
    "meanResTime" : 12.065484311050476,
    "medianResTime" : 11.0,
    "minResTime" : 3.0,
    "maxResTime" : 122.0,
    "pct1ResTime" : 16.0,
    "pct2ResTime" : 18.0,
    "pct3ResTime" : 24.0,
    "throughput" : 6.146111431599565,
    "receivedKBytesPerSec" : 4.787634372819933,
    "sentKBytesPerSec" : 1.6560745203433773
  },
  "Login-1" : {
    "transaction" : "Login-1",
    "sampleCount" : 3665,
    "errorCount" : 0,
    "errorPct" : 0.0,
    "meanResTime" : 6.883765347885397,
    "medianResTime" : 6.0,
    "minResTime" : 3.0,
    "maxResTime" : 156.0,
    "pct1ResTime" : 10.0,
    "pct2ResTime" : 11.0,
    "pct3ResTime" : 15.0,
    "throughput" : 6.1465958927658,
    "receivedKBytesPerSec" : 57.94179607902946,
    "sentKBytesPerSec" : 4.440572249754723
  },
  "Logout-1" : {
    "transaction" : "Logout-1",
    "sampleCount" : 3584,
    "errorCount" : 0,
    "errorPct" : 0.0,
    "meanResTime" : 6.625837053571419,
    "medianResTime" : 6.0,
    "minResTime" : 3.0,
    "maxResTime" : 158.0,
    "pct1ResTime" : 9.0,
    "pct2ResTime" : 10.0,
    "pct3ResTime" : 15.0,
    "throughput" : 6.1041867499633815,
    "receivedKBytesPerSec" : 56.23876501882862,
    "sentKBytesPerSec" : 4.365504055796934
  },
  "Logout-0" : {
    "transaction" : "Logout-0",
    "sampleCount" : 3584,
    "errorCount" : 0,
    "errorPct" : 0.0,
    "meanResTime" : 4.671595982142864,
    "medianResTime" : 4.0,
    "minResTime" : 2.0,
    "maxResTime" : 164.0,
    "pct1ResTime" : 6.0,
    "pct2ResTime" : 8.0,
    "pct3ResTime" : 12.0,
    "throughput" : 6.104249129667605,
    "receivedKBytesPerSec" : 8.282827850040537,
    "sentKBytesPerSec" : 6.486002548724137
  },
  "Look at Product" : {
    "transaction" : "Look at Product",
    "sampleCount" : 3630,
    "errorCount" : 0,
    "errorPct" : 0.0,
    "meanResTime" : 21.436363636363655,
    "medianResTime" : 19.0,
    "minResTime" : 11.0,
    "maxResTime" : 204.0,
    "pct1ResTime" : 30.0,
    "pct2ResTime" : 35.0,
    "pct3ResTime" : 52.0,
    "throughput" : 6.11838312876921,
    "receivedKBytesPerSec" : 666.5490461806246,
    "sentKBytesPerSec" : 4.498145365114092
  },
  "Total" : {
    "transaction" : "Total",
    "sampleCount" : 57995,
    "errorCount" : 0,
    "errorPct" : 0.0,
    "meanResTime" : 13.45469437020425,
    "medianResTime" : 12.0,
    "minResTime" : 2.0,
    "maxResTime" : 276.0,
    "pct1ResTime" : 24.0,
    "pct2ResTime" : 28.0,
    "pct3ResTime" : 40.0,
    "throughput" : 96.98241624093846,
    "receivedKBytesPerSec" : 3033.1900311143904,
    "sentKBytesPerSec" : 92.43814061729195
  },
  "Logout" : {
    "transaction" : "Logout",
    "sampleCount" : 3584,
    "errorCount" : 0,
    "errorPct" : 0.0,
    "meanResTime" : 11.404017857142827,
    "medianResTime" : 10.0,
    "minResTime" : 5.0,
    "maxResTime" : 171.0,
    "pct1ResTime" : 16.0,
    "pct2ResTime" : 18.0,
    "pct3ResTime" : 24.0,
    "throughput" : 6.104134767850421,
    "receivedKBytesPerSec" : 64.52095877303314,
    "sentKBytesPerSec" : 10.851347914818025
  },
  "List Products with different page" : {
    "transaction" : "List Products with different page",
    "sampleCount" : 3610,
    "errorCount" : 0,
    "errorPct" : 0.0,
    "meanResTime" : 14.028254847645412,
    "medianResTime" : 13.0,
    "minResTime" : 6.0,
    "maxResTime" : 196.0,
    "pct1ResTime" : 19.0,
    "pct2ResTime" : 22.0,
    "pct3ResTime" : 33.0,
    "throughput" : 6.119795419138177,
    "receivedKBytesPerSec" : 712.9806760387336,
    "sentKBytesPerSec" : 5.3516622936688085
  },
  "List Products" : {
    "transaction" : "List Products",
    "sampleCount" : 3645,
    "errorCount" : 0,
    "errorPct" : 0.0,
    "meanResTime" : 13.692181069958846,
    "medianResTime" : 12.0,
    "minResTime" : 7.0,
    "maxResTime" : 137.0,
    "pct1ResTime" : 19.0,
    "pct2ResTime" : 22.0,
    "pct3ResTime" : 32.0,
    "throughput" : 6.126266641343644,
    "receivedKBytesPerSec" : 714.568799381995,
    "sentKBytesPerSec" : 4.5791006909487555
  },
  "Home" : {
    "transaction" : "Home",
    "sampleCount" : 3673,
    "errorCount" : 0,
    "errorPct" : 0.0,
    "meanResTime" : 6.964878845630278,
    "medianResTime" : 6.0,
    "minResTime" : 3.0,
    "maxResTime" : 153.0,
    "pct1ResTime" : 10.0,
    "pct2ResTime" : 12.0,
    "pct3ResTime" : 19.0,
    "throughput" : 6.142458890009348,
    "receivedKBytesPerSec" : 54.6942774991262,
    "sentKBytesPerSec" : 0.8817787664368888
  }
}