{
  "Add Product to Cart-1" : {
    "transaction" : "Add Product to Cart-1",
    "sampleCount" : 361,
    "errorCount" : 0,
    "errorPct" : 0.0,
    "meanResTime" : 24.72853185595564,
    "medianResTime" : 21.0,
    "minResTime" : 11.0,
    "maxResTime" : 176.0,
    "pct1ResTime" : 36.80000000000001,
    "pct2ResTime" : 47.89999999999998,
    "pct3ResTime" : 114.79999999999995,
    "throughput" : 0.6131020415788482,
    "receivedKBytesPerSec" : 16.13810874472877,
    "sentKBytesPerSec" : 0.5242375392529666
  },
  "Add Product to Cart-0" : {
    "transaction" : "Add Product to Cart-0",
    "sampleCount" : 361,
    "errorCount" : 0,
    "errorPct" : 0.0,
    "meanResTime" : 11.556786703601105,
    "medianResTime" : 9.0,
    "minResTime" : 4.0,
    "maxResTime" : 94.0,
    "pct1ResTime" : 18.80000000000001,
    "pct2ResTime" : 22.0,
    "pct3ResTime" : 43.319999999999936,
    "throughput" : 0.6130832995090238,
    "receivedKBytesPerSec" : 0.5583482208059413,
    "sentKBytesPerSec" : 0.5166156878420997
  },
  "Add Product to Cart" : {
    "transaction" : "Add Product to Cart",
    "sampleCount" : 361,
    "errorCount" : 0,
    "errorPct" : 0.0,
    "meanResTime" : 36.57063711911358,
    "medianResTime" : 32.0,
    "minResTime" : 16.0,
    "maxResTime" : 214.0,
    "pct1ResTime" : 54.0,
    "pct2ResTime" : 64.79999999999995,
    "pct3ResTime" : 139.0,
    "throughput" : 0.6130676819927927,
    "receivedKBytesPerSec" : 16.695538327238037,
    "sentKBytesPerSec" : 1.0408106875443668
  },
  "Add Product 2 to Cart-1" : {
    "transaction" : "Add Product 2 to Cart-1",
    "sampleCount" : 358,
    "errorCount" : 0,
    "errorPct" : 0.0,
    "meanResTime" : 25.18435754189943,
    "medianResTime" : 21.0,
    "minResTime" : 13.0,
    "maxResTime" : 167.0,
    "pct1ResTime" : 40.0,
    "pct2ResTime" : 52.150000000000034,
    "pct3ResTime" : 73.41000000000003,
    "throughput" : 0.6108381108381109,
    "receivedKBytesPerSec" : 16.4156143892472,
    "sentKBytesPerSec" : 0.5922343019510988
  },
  "Add Product 2 to Cart-0" : {
    "transaction" : "Add Product 2 to Cart-0",
    "sampleCount" : 358,
    "errorCount" : 0,
    "errorPct" : 0.0,
    "meanResTime" : 11.391061452513968,
    "medianResTime" : 9.0,
    "minResTime" : 4.0,
    "maxResTime" : 206.0,
    "pct1ResTime" : 18.0,
    "pct2ResTime" : 21.0,
    "pct3ResTime" : 42.690000000000225,
    "throughput" : 0.6108589564208442,
    "receivedKBytesPerSec" : 0.6262574037854487,
    "sentKBytesPerSec" : 0.5886802599136608
  },
  "Add Product 2 to Cart" : {
    "transaction" : "Add Product 2 to Cart",
    "sampleCount" : 358,
    "errorCount" : 0,
    "errorPct" : 0.0,
    "meanResTime" : 36.86033519553068,
    "medianResTime" : 32.0,
    "minResTime" : 18.0,
    "maxResTime" : 269.0,
    "pct1ResTime" : 55.0,
    "pct2ResTime" : 66.15000000000003,
    "pct3ResTime" : 146.0800000000022,
    "throughput" : 0.6108172666780413,
    "receivedKBytesPerSec" : 17.041268888095033,
    "sentKBytesPerSec" : 1.1808541764417335
  },
  "Login" : {
    "transaction" : "Login",
    "sampleCount" : 363,
    "errorCount" : 0,
    "errorPct" : 0.0,
    "meanResTime" : 28.388429752066113,
    "medianResTime" : 25.0,
    "minResTime" : 13.0,
    "maxResTime" : 95.0,
    "pct1ResTime" : 41.60000000000002,
    "pct2ResTime" : 49.80000000000001,
    "pct3ResTime" : 75.68000000000018,
    "throughput" : 0.6141539648460301,
    "receivedKBytesPerSec" : 6.266266541340344,
    "sentKBytesPerSec" : 0.6129907944580641
  },
  "Login-0" : {
    "transaction" : "Login-0",
    "sampleCount" : 363,
    "errorCount" : 0,
    "errorPct" : 0.0,
    "meanResTime" : 18.64462809917356,
    "medianResTime" : 16.0,
    "minResTime" : 8.0,
    "maxResTime" : 67.0,
    "pct1ResTime" : 28.0,
    "pct2ResTime" : 31.0,
    "pct3ResTime" : 43.440000000000055,
    "throughput" : 0.6141601993736581,
    "receivedKBytesPerSec" : 0.4815888217556522,
    "sentKBytesPerSec" : 0.1655948471451702
  },
  "Login-1" : {
    "transaction" : "Login-1",
    "sampleCount" : 363,
    "errorCount" : 0,
    "errorPct" : 0.0,
    "meanResTime" : 9.399449035812664,
    "medianResTime" : 8.0,
    "minResTime" : 4.0,
    "maxResTime" : 65.0,
    "pct1ResTime" : 14.0,
    "pct2ResTime" : 22.0,
    "pct3ResTime" : 43.72000000000003,
    "throughput" : 0.6142287875326785,
    "receivedKBytesPerSec" : 5.78538735913348,
    "sentKBytesPerSec" : 0.447452134994966
  },
  "Logout-1" : {
    "transaction" : "Logout-1",
    "sampleCount" : 357,
    "errorCount" : 0,
    "errorPct" : 0.0,
    "meanResTime" : 10.60224089635854,
    "medianResTime" : 9.0,
    "minResTime" : 4.0,
    "maxResTime" : 58.0,
    "pct1ResTime" : 16.0,
    "pct2ResTime" : 24.099999999999966,
    "pct3ResTime" : 40.84000000000003,
    "throughput" : 0.6127188066915072,
    "receivedKBytesPerSec" : 5.643116275300395,
    "sentKBytesPerSec" : 0.43859153946029256
  },
  "Logout-0" : {
    "transaction" : "Logout-0",
    "sampleCount" : 357,
    "errorCount" : 0,
    "errorPct" : 0.0,
    "meanResTime" : 8.263305322128847,
    "medianResTime" : 7.0,
    "minResTime" : 3.0,
    "maxResTime" : 49.0,
    "pct1ResTime" : 14.0,
    "pct2ResTime" : 18.0,
    "pct3ResTime" : 29.0,
    "throughput" : 0.6127177550845276,
    "receivedKBytesPerSec" : 0.8329131983180297,
    "sentKBytesPerSec" : 0.6524272183128809
  },
  "Look at Product" : {
    "transaction" : "Look at Product",
    "sampleCount" : 363,
    "errorCount" : 0,
    "errorPct" : 0.0,
    "meanResTime" : 31.807162534435275,
    "medianResTime" : 29.0,
    "minResTime" : 13.0,
    "maxResTime" : 267.0,
    "pct1ResTime" : 49.0,
    "pct2ResTime" : 57.80000000000001,
    "pct3ResTime" : 80.08000000000004,
    "throughput" : 0.615748923711592,
    "receivedKBytesPerSec" : 68.15375098490144,
    "sentKBytesPerSec" : 0.4558631240394826
  },
  "Total" : {
    "transaction" : "Total",
    "sampleCount" : 5767,
    "errorCount" : 0,
    "errorPct" : 0.0,
    "meanResTime" : 20.60655453441995,
    "medianResTime" : 17.0,
    "minResTime" : 3.0,
    "maxResTime" : 269.0,
    "pct1ResTime" : 38.0,
    "pct2ResTime" : 46.0,
    "pct3ResTime" : 73.0,
    "throughput" : 9.656925457309926,
    "receivedKBytesPerSec" : 303.88165458626514,
    "sentKBytesPerSec" : 9.233019807518739
  },
  "Logout" : {
    "transaction" : "Logout",
    "sampleCount" : 357,
    "errorCount" : 0,
    "errorPct" : 0.0,
    "meanResTime" : 19.170868347338935,
    "medianResTime" : 17.0,
    "minResTime" : 7.0,
    "maxResTime" : 79.0,
    "pct1ResTime" : 31.0,
    "pct2ResTime" : 39.099999999999966,
    "pct3ResTime" : 64.20000000000016,
    "throughput" : 0.6126967237029536,
    "receivedKBytesPerSec" : 6.475797500622137,
    "sentKBytesPerSec" : 1.0909805561037982
  },
  "List Products with different page" : {
    "transaction" : "List Products with different page",
    "sampleCount" : 358,
    "errorCount" : 0,
    "errorPct" : 0.0,
    "meanResTime" : 21.092178770949722,
    "medianResTime" : 18.0,
    "minResTime" : 9.0,
    "maxResTime" : 83.0,
    "pct1ResTime" : 34.0,
    "pct2ResTime" : 39.05000000000001,
    "pct3ResTime" : 62.050000000000125,
    "throughput" : 0.6110549744654122,
    "receivedKBytesPerSec" : 70.67924599731256,
    "sentKBytesPerSec" : 0.5342997275855478
  },
  "List Products" : {
    "transaction" : "List Products",
    "sampleCount" : 363,
    "errorCount" : 0,
    "errorPct" : 0.0,
    "meanResTime" : 22.917355371900815,
    "medianResTime" : 20.0,
    "minResTime" : 10.0,
    "maxResTime" : 106.0,
    "pct1ResTime" : 38.0,
    "pct2ResTime" : 43.0,
    "pct3ResTime" : 64.36000000000001,
    "throughput" : 0.6156674649425716,
    "receivedKBytesPerSec" : 71.295843401885,
    "sentKBytesPerSec" : 0.4634367145151661
  },
  "Home" : {
    "transaction" : "Home",
    "sampleCount" : 366,
    "errorCount" : 0,
    "errorPct" : 0.0,
    "meanResTime" : 13.024590163934429,
    "medianResTime" : 11.0,
    "minResTime" : 4.0,
    "maxResTime" : 190.0,
    "pct1ResTime" : 20.0,