{
  "Add Product to Cart-1" : {
    "transaction" : "Add Product to Cart-1",
    "sampleCount" : 1806,
    "errorCount" : 0,
    "errorPct" : 0.0,
    "meanResTime" : 15.625692137320048,
    "medianResTime" : 14.0,
    "minResTime" : 8.0,
    "maxResTime" : 153.0,
    "pct1ResTime" : 23.0,
    "pct2ResTime" : 27.0,
    "pct3ResTime" : 36.0,
    "throughput" : 3.0601404004615627,
    "receivedKBytesPerSec" : 77.73794852618488,
    "sentKBytesPerSec" : 2.613605170722285
  },
  "Add Product to Cart-0" : {
    "transaction" : "Add Product to Cart-0",
    "sampleCount" : 1806,
    "errorCount" : 0,
    "errorPct" : 0.0,
    "meanResTime" : 5.791251384274638,
    "medianResTime" : 5.0,
    "minResTime" : 2.0,
    "maxResTime" : 409.0,
    "pct1ResTime" : 7.0,
    "pct2ResTime" : 9.0,
    "pct3ResTime" : 13.0,
    "throughput" : 3.0601611413757173,
    "receivedKBytesPerSec" : 2.7869523247735803,
    "sentKBytesPerSec" : 2.5789083481949966
  },
  "Add Product to Cart" : {
    "transaction" : "Add Product to Cart",
    "sampleCount" : 1806,
    "errorCount" : 0,
    "errorPct" : 0.0,
    "meanResTime" : 21.502214839424123,
    "medianResTime" : 19.0,
    "minResTime" : 12.0,
    "maxResTime" : 454.0,
    "pct1ResTime" : 30.0,
    "pct2ResTime" : 35.0,
    "pct3ResTime" : 47.86000000000013,
    "throughput" : 3.060088549406197,
    "receivedKBytesPerSec" : 80.52351754721873,
    "sentKBytesPerSec" : 5.19240805808492
  },
  "Add Product 2 to Cart-1" : {
    "transaction" : "Add Product 2 to Cart-1",
    "sampleCount" : 1795,
    "errorCount" : 0,
    "errorPct" : 0.0,
    "meanResTime" : 16.35431754874651,
    "medianResTime" : 14.0,
    "minResTime" : 8.0,
    "maxResTime" : 178.0,
    "pct1ResTime" : 24.0,
    "pct2ResTime" : 27.199999999999818,
    "pct3ResTime" : 37.039999999999964,
    "throughput" : 3.0566718888359103,
    "receivedKBytesPerSec" : 79.3558871532508,
    "sentKBytesPerSec" : 2.958541692387269
  },
  "Add Product 2 to Cart-0" : {
    "transaction" : "Add Product 2 to Cart-0",
    "sampleCount" : 1795,
    "errorCount" : 0,
    "errorPct" : 0.0,
    "meanResTime" : 5.8935933147632396,
    "medianResTime" : 5.0,
    "minResTime" : 2.0,
    "maxResTime" : 488.0,
    "pct1ResTime" : 7.0,
    "pct2ResTime" : 9.0,
    "pct3ResTime" : 12.0,
    "throughput" : 3.056770789872978,
    "receivedKBytesPerSec" : 3.13177482636435,
    "sentKBytesPerSec" : 2.9516161318524032
  },
  "Add Product 2 to Cart" : {
    "transaction" : "Add Product 2 to Cart",
    "sampleCount" : 1795,
    "errorCount" : 0,
    "errorPct" : 0.0,
    "meanResTime" : 22.36211699164344,
    "medianResTime" : 20.0,
    "minResTime" : 12.0,
    "maxResTime" : 532.0,
    "pct1ResTime" : 31.0,
    "pct2ResTime" : 36.0,
    "pct3ResTime" : 48.0,
    "throughput" : 3.0566458633108837,
    "receivedKBytesPerSec" : 82.48685832520924,
    "sentKBytesPerSec" : 5.910012005210772
  },
  "Login" : {
    "transaction" : "Login",
    "sampleCount" : 1825,
    "errorCount" : 0,
    "errorPct" : 0.0,
    "meanResTime" : 16.848219178082207,
    "medianResTime" : 15.0,
    "minResTime" : 10.0,
    "maxResTime" : 121.0,
    "pct1ResTime" : 23.0,
    "pct2ResTime" : 26.0,
    "pct3ResTime" : 33.48000000000002,
    "throughput" : 3.064198741411848,
    "receivedKBytesPerSec" : 31.264294565832422,
    "sentKBytesPerSec" : 3.054565732204981
  },
  "Login-0" : {
    "transaction" : "Login-0",
    "sampleCount" : 1825,
    "errorCount" : 0,
    "errorPct" : 0.0,
    "meanResTime" : 10.80493150684932,
    "medianResTime" : 10.0,
    "minResTime" : 6.0,
    "maxResTime" : 114.0,
    "pct1ResTime" : 14.400000000000091,
    "pct2ResTime" : 16.0,
    "pct3ResTime" : 21.74000000000001,
    "throughput" : 3.06423475564197,
    "receivedKBytesPerSec" : 2.4028024341987066,
    "sentKBytesPerSec" : 0.8253593707237135
  },
  "Login-1" : {
    "transaction" : "Login-1",
    "sampleCount" : 1825,
    "errorCount" : 0,
    "errorPct" : 0.0,
    "meanResTime" : 5.95287671232877,
    "medianResTime" : 5.0,
    "minResTime" : 3.0,
    "maxResTime" : 91.0,
    "pct1ResTime" : 8.0,
    "pct2ResTime" : 10.0,
    "pct3ResTime" : 13.0,
    "throughput" : 3.0643119318429863,
    "receivedKBytesPerSec" : 28.862586506470315,
    "sentKBytesPerSec" : 2.229298408467743
  },
  "Logout-1" : {
    "transaction" : "Logout-1",
    "sampleCount" : 1788,
    "errorCount" : 0,
    "errorPct" : 0.0,
    "meanResTime" : 5.944071588366892,
    "medianResTime" : 5.0,
    "minResTime" : 3.0,
    "maxResTime" : 120.0,
    "pct1ResTime" : 8.0,
    "pct2ResTime" : 10.0,
    "pct3ResTime" : 14.0,
    "throughput" : 3.05224667888931,
    "receivedKBytesPerSec" : 28.111072684184652,
    "sentKBytesPerSec" : 2.186345525142626
  },
  "Logout-0" : {
    "transaction" : "Logout-0",
    "sampleCount" : 1788,
    "errorCount" : 0,
    "errorPct" : 0.0,
    "meanResTime" : 4.59451901565995,
    "medianResTime" : 4.0,
    "minResTime" : 2.0,
    "maxResTime" : 181.0,
    "pct1ResTime" : 6.0,
    "pct2ResTime" : 7.0,
    "pct3ResTime" : 12.0,
    "throughput" : 3.052251889306364,
    "receivedKBytesPerSec" : 4.149154912025838,
    "sentKBytesPerSec" : 3.245561575725038
  },
  "Look at Product" : {
    "transaction" : "Look at Product",
    "sampleCount" : 1813,
    "errorCount" : 0,
    "errorPct" : 0.0,
    "meanResTime" : 18.842250413678958,
    "medianResTime" : 16.0,
    "minResTime" : 10.0,
    "maxResTime" : 331.0,
    "pct1ResTime" : 26.0,
    "pct2ResTime" : 30.0,
    "pct3ResTime" : 42.0,
    "throughput" : 3.0609488434914742,
    "receivedKBytesPerSec" : 328.70996143212903,
    "sentKBytesPerSec" : 2.2665433611556645
  },
  "Total" : {
    "transaction" : "Total",
    "sampleCount" : 28903,
    "errorCount" : 0,
    "errorPct" : 0.0,
    "meanResTime" : 12.072864408538925,
    "medianResTime" : 10.0,
    "minResTime" : 2.0,
    "maxResTime" : 612.0,
    "pct1ResTime" : 20.0,
    "pct2ResTime" : 24.0,
    "pct3ResTime" : 34.0,
    "throughput" : 48.36876940197973,
    "receivedKBytesPerSec" : 1502.4687156150899,
    "sentKBytesPerSec" : 46.221977605617894
  },
  "Logout" : {
    "transaction" : "Logout",
    "sampleCount" : 1788,
    "errorCount" : 0,
    "errorPct" : 0.0,
    "meanResTime" : 10.63087248322148,
    "medianResTime" : 9.0,
    "minResTime" : 5.0,
    "maxResTime" : 215.0,
    "pct1ResTime" : 14.0,
    "pct2ResTime" : 17.0,
    "pct3ResTime" : 25.1099999999999,
    "throughput" : 3.052215416760555,
    "receivedKBytesPerSec" : 32.25989009335887,
    "sentKBytesPerSec" : 5.43184592510891
  },
  "List Products with different page" : {
    "transaction" : "List Products with different page",
    "sampleCount" : 1798,
    "errorCount" : 0,
    "errorPct" : 0.0,
    "meanResTime" : 13.283092324805313,
    "medianResTime" : 11.0,
    "minResTime" : 6.0,
    "maxResTime" : 612.0,
    "pct1ResTime" : 17.0,
    "pct2ResTime" : 19.0,
    "pct3ResTime" : 36.00999999999999,
    "throughput" : 3.05427539099991,
    "receivedKBytesPerSec" : 354.45137208024096,
    "sentKBytesPerSec" : 2.6734398543018907
  },
  "List Products" : {
    "transaction" : "List Products",
    "sampleCount" : 1818,
    "errorCount" : 0,
    "errorPct" : 0.0,
    "meanResTime" : 12.338283828382846,
    "medianResTime" : 11.0,
    "minResTime" : 7.0,
    "maxResTime" : 503.0,
    "pct1ResTime" : 17.0,
    "pct2ResTime" : 19.0,
    "pct3ResTime" : 25.0,
    "throughput" : 3.0616317587878767,
    "receivedKBytesPerSec" : 355.6356813851568,
    "sentKBytesPerSec" : 2.3041885954848507
  },
  "Home" : {
    "transaction" : "Home",
    "sampleCount" : 1832,
    "errorCount" : 0,
    "errorPct" : 0.0,
    "meanResTime" : 6.385371179039285,
    "medianResTime" : 6.0,
    "minResTime" : 3.0,
    "maxResTime" : 124.0,
    "pct1ResTime" : 9.0,
    "pct2ResTime" : 10.0,
    "pct3ResTime" : 16.0,
    "throughput" : 3.0683426427608382,
    "receivedKBytesPerSec" : 27.321433805364574,
    "sentKBytesPerSec" : 0.4404749692244563
  }
}