{
  "Add Product to Cart-1" : {
    "transaction" : "Add Product to Cart-1",
    "sampleCount" : 3603,
    "errorCount" : 0,
    "errorPct" : 0.0,
    "meanResTime" : 20.953094643352763,
    "medianResTime" : 19.0,
    "minResTime" : 9.0,
    "maxResTime" : 186.0,
    "pct1ResTime" : 31.0,
    "pct2ResTime" : 36.0,
    "pct3ResTime" : 47.0,
    "throughput" : 6.09920217763355,
    "receivedKBytesPerSec" : 156.590415596492,
    "sentKBytesPerSec" : 5.204091384136319
  },
  "Add Product to Cart-0" : {
    "transaction" : "Add Product to Cart-0",
    "sampleCount" : 3603,
    "errorCount" : 0,
    "errorPct" : 0.0,
    "meanResTime" : 6.844851512628384,
    "medianResTime" : 6.0,
    "minResTime" : 2.0,
    "maxResTime" : 187.0,
    "pct1ResTime" : 9.0,
    "pct2ResTime" : 11.0,
    "pct3ResTime" : 19.0,
    "throughput" : 6.09943965736148,
    "receivedKBytesPerSec" : 5.546622390851686,
    "sentKBytesPerSec" : 5.106627842448071
  },
  "Add Product to Cart" : {
    "transaction" : "Add Product to Cart",
    "sampleCount" : 3603,
    "errorCount" : 0,
    "errorPct" : 0.0,
    "meanResTime" : 27.904246461282302,
    "medianResTime" : 25.0,
    "minResTime" : 12.0,
    "maxResTime" : 223.0,
    "pct1ResTime" : 41.0,
    "pct2ResTime" : 47.0,
    "pct3ResTime" : 64.0,
    "throughput" : 6.099129904865085,
    "receivedKBytesPerSec" : 162.13490078386855,
    "sentKBytesPerSec" : 10.310398226694485
  },
  "Add Product 2 to Cart-1" : {
    "transaction" : "Add Product 2 to Cart-1",
    "sampleCount" : 3579,
    "errorCount" : 0,
    "errorPct" : 0.0,
    "meanResTime" : 22.153394803017594,
    "medianResTime" : 20.0,
    "minResTime" : 9.0,
    "maxResTime" : 171.0,
    "pct1ResTime" : 33.0,
    "pct2ResTime" : 38.0,
    "pct3ResTime" : 49.19999999999982,
    "throughput" : 6.095089527481548,
    "receivedKBytesPerSec" : 159.90087596422563,
    "sentKBytesPerSec" : 5.896375654809144
  },
  "Add Product 2 to Cart-0" : {
    "transaction" : "Add Product 2 to Cart-0",
    "sampleCount" : 3579,
    "errorCount" : 0,
    "errorPct" : 0.0,
    "meanResTime" : 7.010617490919247,
    "medianResTime" : 6.0,
    "minResTime" : 2.0,
    "maxResTime" : 206.0,
    "pct1ResTime" : 10.0,
    "pct2ResTime" : 11.0,
    "pct3ResTime" : 19.0,
    "throughput" : 6.095214090350181,
    "receivedKBytesPerSec" : 6.238566284601708,
    "sentKBytesPerSec" : 5.879916371223062
  },
  "Add Product 2 to Cart" : {
    "transaction" : "Add Product 2 to Cart",
    "sampleCount" : 3579,
    "errorCount" : 0,
    "errorPct" : 0.0,
    "meanResTime" : 29.27158424140821,
    "medianResTime" : 27.0,
    "minResTime" : 13.0,
    "maxResTime" : 249.0,
    "pct1ResTime" : 42.0,
    "pct2ResTime" : 49.0,
    "pct3ResTime" : 65.0,
    "throughput" : 6.095037627788876,
    "receivedKBytesPerSec" : 166.13790007997716,
    "sentKBytesPerSec" : 11.776071588911938
  },
  "Login" : {
    "transaction" : "Login",
    "sampleCount" : 3638,
    "errorCount" : 0,
    "errorPct" : 0.0,
    "meanResTime" : 21.53298515667951,
    "medianResTime" : 20.0,
    "minResTime" : 8.0,
    "maxResTime" : 222.0,
    "pct1ResTime" : 30.0,
    "pct2ResTime" : 33.0,
    "pct3ResTime" : 43.0,
    "throughput" : 6.102869757915026,
    "receivedKBytesPerSec" : 62.28417636683397,
    "sentKBytesPerSec" : 6.052394651370629
  },
  "Login-0" : {
    "transaction" : "Login-0",
    "sampleCount" : 3638,
    "errorCount" : 0,
    "errorPct" : 0.0,
    "meanResTime" : 13.629191863661358,
    "medianResTime" : 13.0,
    "minResTime" : 3.0,
    "maxResTime" : 208.0,
    "pct1ResTime" : 19.0,
    "pct2ResTime" : 21.0,
    "pct3ResTime" : 28.0,
    "throughput" : 6.1029618992659005,
    "receivedKBytesPerSec" : 4.752978559529881,
    "sentKBytesPerSec" : 1.6444556680755371
  },
  "Login-1" : {
    "transaction" : "Login-1",
    "sampleCount" : 3638,
    "errorCount" : 0,
    "errorPct" : 0.0,
    "meanResTime" : 7.793293018141829,
    "medianResTime" : 7.0,
    "minResTime" : 3.0,
    "maxResTime" : 173.0,
    "pct1ResTime" : 11.0,
    "pct2ResTime" : 13.0,
    "pct3ResTime" : 17.610000000000127,
    "throughput" : 6.1030335666846165,
    "receivedKBytesPerSec" : 57.53281377915423,
    "sentKBytesPerSec" : 4.408082126315013
  },
  "Logout-1" : {
    "transaction" : "Logout-1",
    "sampleCount" : 3566,
    "errorCount" : 0,
    "errorPct" : 0.0,
    "meanResTime" : 7.538418395961866,
    "medianResTime" : 7.0,
    "minResTime" : 3.0,
    "maxResTime" : 162.0,
    "pct1ResTime" : 11.0,
    "pct2ResTime" : 13.0,
    "pct3ResTime" : 16.0,
    "throughput" : 6.094747168830991,
    "receivedKBytesPerSec" : 56.15133730114306,
    "sentKBytesPerSec" : 4.363740257441539
  },
  "Logout-0" : {
    "transaction" : "Logout-0",
    "sampleCount" : 3566,
    "errorCount" : 0,
    "errorPct" : 0.0,
    "meanResTime" : 5.270050476724614,
    "medianResTime" : 5.0,
    "minResTime" : 2.0,
    "maxResTime" : 115.0,
    "pct1ResTime" : 8.0,
    "pct2ResTime" : 9.0,
    "pct3ResTime" : 15.0,
    "throughput" : 6.094788835905587,
    "receivedKBytesPerSec" : 8.269480977285545,
    "sentKBytesPerSec" : 6.476762989988719
  },
  "Look at Product" : {
    "transaction" : "Look at Product",
    "sampleCount" : 3618,
    "errorCount" : 0,
    "errorPct" : 0.0,
    "meanResTime" : 24.85461580983967,
    "medianResTime" : 22.0,
    "minResTime" : 10.0,
    "maxResTime" : 235.0,
    "pct1ResTime" : 36.09999999999991,
    "pct2ResTime" : 42.0,
    "pct3ResTime" : 62.809999999999945,
    "throughput" : 6.108287889787442,
    "receivedKBytesPerSec" : 659.3519885991922,
    "sentKBytesPerSec" : 4.488575120608297
  },
  "Total" : {
    "transaction" : "Total",
    "sampleCount" : 57651,
    "errorCount" : 0,
    "errorPct" : 0.0,
    "meanResTime" : 15.436020190456402,
    "medianResTime" : 13.0,
    "minResTime" : 2.0,
    "maxResTime" : 249.0,
    "pct1ResTime" : 28.0,
    "pct2ResTime" : 34.0,
    "pct3ResTime" : 48.0,
    "throughput" : 96.37057814657435,
    "receivedKBytesPerSec" : 2999.020939864298,
    "sentKBytesPerSec" : 91.85421124755943
  },
  "Logout" : {
    "transaction" : "Logout",
    "sampleCount" : 3566,
    "errorCount" : 0,
    "errorPct" : 0.0,
    "meanResTime" : 12.929332585530014,
    "medianResTime" : 12.0,
    "minResTime" : 5.0,
    "maxResTime" : 167.0,
    "pct1ResTime" : 19.0,
    "pct2ResTime" : 21.0,
    "pct3ResTime" : 29.329999999999927,
    "throughput" : 6.094684669287301,
    "receivedKBytesPerSec" : 64.42010113121688,
    "sentKBytesPerSec" : 10.840347803794224
  },
  "List Products with different page" : {
    "transaction" : "List Products with different page",
    "sampleCount" : 3592,
    "errorCount" : 0,
    "errorPct" : 0.0,
    "meanResTime" : 15.4660356347439,
    "medianResTime" : 14.0,
    "minResTime" : 7.0,
    "maxResTime" : 199.0,
    "pct1ResTime" : 22.0,
    "pct2ResTime" : 26.0,
    "pct3ResTime" : 37.0,
    "throughput" : 6.0983270346715015,
    "receivedKBytesPerSec" : 704.6666272602391,
    "sentKBytesPerSec" : 5.3321532096435735
  },
  "List Products" : {
    "transaction" : "List Products",
    "sampleCount" : 3631,
    "errorCount" : 0,
    "errorPct" : 0.0,
    "meanResTime" : 15.70696777747179,
    "medianResTime" : 14.0,
    "minResTime" : 7.0,
    "maxResTime" : 211.0,
    "pct1ResTime" : 22.0,
    "pct2ResTime" : 26.0,
    "pct3ResTime" : 37.0,
    "throughput" : 6.107766501987421,
    "receivedKBytesPerSec" : 705.9006144615375,
    "sentKBytesPerSec" : 4.563727735080043
  },
  "Home" : {
    "transaction" : "Home",
    "sampleCount" : 3652,
    "errorCount" : 0,
    "errorPct" : 0.0,
    "meanResTime" : 8.078587075575044,
    "medianResTime" : 7.0,
    "minResTime" : 3.0,
    "maxResTime" : 195.0,
    "pct1ResTime" : 11.0,
    "pct2ResTime" : 14.0,
    "pct3ResTime" : 22.4699999999998,
    "throughput" : 6.104991817104342,
    "receivedKBytesPerSec" : 54.360659558942764,
    "sentKBytesPerSec" : 0.876400192494471
  }
}