{
  "Add Product to Cart-1" : {
    "transaction" : "Add Product to Cart-1",
    "sampleCount" : 9013,
    "errorCount" : 0,
    "errorPct" : 0.0,
    "meanResTime" : 27.49184511261509,
    "medianResTime" : 24.0,
    "minResTime" : 10.0,
    "maxResTime" : 1601.0,
    "pct1ResTime" : 41.0,
    "pct2ResTime" : 51.0,
    "pct3ResTime" : 85.0,
    "throughput" : 15.25001015200942,
    "receivedKBytesPerSec" : 375.38657774546294,
    "sentKBytesPerSec" : 12.255040142208502
  },
  "Add Product to Cart-0" : {
    "transaction" : "Add Product to Cart-0",
    "sampleCount" : 9013,
    "errorCount" : 0,
    "errorPct" : 0.0,
    "meanResTime" : 7.903250859869107,
    "medianResTime" : 7.0,
    "minResTime" : 2.0,
    "maxResTime" : 233.0,
    "pct1ResTime" : 12.0,
    "pct2ResTime" : 15.0,
    "pct3ResTime" : 28.0,
    "throughput" : 15.250164971827887,
    "receivedKBytesPerSec" : 12.632501261082723,
    "sentKBytesPerSec" : 8.08233402882354
  },
  "Add Product to Cart" : {
    "transaction" : "Add Product to Cart",
    "sampleCount" : 9013,
    "errorCount" : 0,
    "errorPct" : 0.0,
    "meanResTime" : 35.504826361921566,
    "medianResTime" : 30.0,
    "minResTime" : 13.0,
    "maxResTime" : 1618.0,
    "pct1ResTime" : 53.0,
    "pct2ResTime" : 65.0,
    "pct3ResTime" : 122.0,
    "throughput" : 15.249777928175627,
    "receivedKBytesPerSec" : 388.01304209318556,
    "sentKBytesPerSec" : 20.33698242724504
  },
  "Add Product 2 to Cart-1" : {
    "transaction" : "Add Product 2 to Cart-1",
    "sampleCount" : 8961,
    "errorCount" : 0,
    "errorPct" : 0.0,
    "meanResTime" : 28.242272067849456,
    "medianResTime" : 25.0,
    "minResTime" : 10.0,
    "maxResTime" : 712.0,
    "pct1ResTime" : 42.0,
    "pct2ResTime" : 52.0,
    "pct3ResTime" : 89.0,
    "throughput" : 15.24511096555772,
    "receivedKBytesPerSec" : 383.7777965479036,
    "sentKBytesPerSec" : 13.983141576782723
  },
  "Add Product 2 to Cart-0" : {
    "transaction" : "Add Product 2 to Cart-0",
    "sampleCount" : 8961,
    "errorCount" : 0,
    "errorPct" : 0.0,
    "meanResTime" : 8.01261019975449,
    "medianResTime" : 7.0,
    "minResTime" : 3.0,
    "maxResTime" : 228.0,
    "pct1ResTime" : 12.0,
    "pct2ResTime" : 15.0,
    "pct3ResTime" : 25.3799999999992,
    "throughput" : 15.245292520432535,
    "receivedKBytesPerSec" : 14.369146220661191,
    "sentKBytesPerSec" : 13.945437704580563
  },
  "Add Product 2 to Cart" : {
    "transaction" : "Add Product 2 to Cart",
    "sampleCount" : 8961,
    "errorCount" : 0,
    "errorPct" : 0.0,
    "meanResTime" : 36.37819439794676,
    "medianResTime" : 32.0,
    "minResTime" : 14.0,
    "maxResTime" : 723.0,
    "pct1ResTime" : 54.0,
    "pct2ResTime" : 65.0,
    "pct3ResTime" : 116.3799999999992,
    "throughput" : 15.244903479567133,
    "receivedKBytesPerSec" : 398.14135286928615,
    "sentKBytesPerSec" : 27.928033100588124
  },
  "Login" : {
    "transaction" : "Login",
    "sampleCount" : 9118,
    "errorCount" : 0,
    "errorPct" : 0.0,
    "meanResTime" : 20.005373985523168,
    "medianResTime" : 17.0,
    "minResTime" : 6.0,
    "maxResTime" : 314.0,
    "pct1ResTime" : 31.0,
    "pct2ResTime" : 37.0,
    "pct3ResTime" : 64.80999999999949,
    "throughput" : 15.269936913958812,
    "receivedKBytesPerSec" : 158.14004726690655,
    "sentKBytesPerSec" : 10.510558488668963
  },
  "Login-0" : {
    "transaction" : "Login-0",
    "sampleCount" : 9118,
    "errorCount" : 0,
    "errorPct" : 0.0,
    "meanResTime" : 10.861702127659548,
    "medianResTime" : 9.0,
    "minResTime" : 2.0,
    "maxResTime" : 223.0,
    "pct1ResTime" : 18.0,
    "pct2ResTime" : 22.0,
    "pct3ResTime" : 35.0,
    "throughput" : 15.270141497505497,
    "receivedKBytesPerSec" : 7.144314209580096,
    "sentKBytesPerSec" : 4.1241588563429366
  },
  "Login-1" : {
    "transaction" : "Login-1",
    "sampleCount" : 9118,
    "errorCount" : 0,
    "errorPct" : 0.0,
    "meanResTime" : 9.04672077209919,
    "medianResTime" : 8.0,
    "minResTime" : 3.0,
    "maxResTime" : 273.0,
    "pct1ResTime" : 13.0,
    "pct2ResTime" : 17.0,
    "pct3ResTime" : 29.0,
    "throughput" : 15.271573735840967,
    "receivedKBytesPerSec" : 151.01201438629394,
    "sentKBytesPerSec" : 6.387139465955512
  },
  "Logout-1" : {
    "transaction" : "Logout-1",
    "sampleCount" : 8927,
    "errorCount" : 0,
    "errorPct" : 0.0,
    "meanResTime" : 9.24991598521336,
    "medianResTime" : 8.0,
    "minResTime" : 3.0,
    "maxResTime" : 240.0,
    "pct1ResTime" : 13.0,
    "pct2ResTime" : 17.0,
    "pct3ResTime" : 29.0,
    "throughput" : 15.237090632270133,
    "receivedKBytesPerSec" : 143.15729042119622,
    "sentKBytesPerSec" : 10.233406493386791
  },
  "Logout-0" : {
    "transaction" : "Logout-0",
    "sampleCount" : 8927,
    "errorCount" : 0,
    "errorPct" : 0.0,
    "meanResTime" : 6.443149994399033,
    "medianResTime" : 5.0,
    "minResTime" : 2.0,
    "maxResTime" : 217.0,
    "pct1ResTime" : 10.0,
    "pct2ResTime" : 13.0,
    "pct3ResTime" : 22.0,
    "throughput" : 15.237168655162408,
    "receivedKBytesPerSec" : 18.39745938732142,
    "sentKBytesPerSec" : 15.427090534162868
  },
  "Look at Product" : {
    "transaction" : "Look at Product",
    "sampleCount" : 9057,
    "errorCount" : 0,
    "errorPct" : 0.0,
    "meanResTime" : 31.3163299105664,
    "medianResTime" : 27.0,
    "minResTime" : 10.0,
    "maxResTime" : 733.0,
    "pct1ResTime" : 47.0,
    "pct2ResTime" : 58.0,
    "pct3ResTime" : 109.0,
    "throughput" : 15.254280108129048,
    "receivedKBytesPerSec" : 1581.2070137166622,
    "sentKBytesPerSec" : 6.527138580343082
  },
  "Total" : {
    "transaction" : "Total",
    "sampleCount" : 144345,
    "errorCount" : 0,
    "errorPct" : 0.0,
    "meanResTime" : 18.362028473448895,
    "medianResTime" : 13.0,
    "minResTime" : 2.0,
    "maxResTime" : 1618.0,
    "pct1ResTime" : 30.0,
    "pct2ResTime" : 36.0,
    "pct3ResTime" : 52.0,
    "throughput" : 241.2202642067531,
    "receivedKBytesPerSec" : 7380.025957457031,
    "sentKBytesPerSec" : 194.01147255105323
  },
  "Logout" : {
    "transaction" : "Logout",
    "sampleCount" : 8927,
    "errorCount" : 0,
    "errorPct" : 0.0,
    "meanResTime" : 15.828385795900113,
    "medianResTime" : 14.0,
    "minResTime" : 5.0,
    "maxResTime" : 251.0,
    "pct1ResTime" : 24.0,
    "pct2ResTime" : 29.0,
    "pct3ResTime" : 48.0,
    "throughput" : 15.236908581962176,
    "receivedKBytesPerSec" : 161.5527253741167,
    "sentKBytesPerSec" : 25.660111445603196
  },
  "List Products with different page" : {
    "transaction" : "List Products with different page",
    "sampleCount" : 8987,
    "errorCount" : 0,
    "errorPct" : 0.0,
    "meanResTime" : 19.12840770001107,
    "medianResTime" : 16.0,
    "minResTime" : 7.0,
    "maxResTime" : 369.0,
    "pct1ResTime" : 28.0,
    "pct2ResTime" : 35.0,
    "pct3ResTime" : 60.0,
    "throughput" : 15.232125938342685,
    "receivedKBytesPerSec" : 1762.6425916345975,
    "sentKBytesPerSec" : 12.560085764394417
  },
  "List Products" : {
    "transaction" : "List Products",
    "sampleCount" : 9094,
    "errorCount" : 0,
    "errorPct" : 0.0,
    "meanResTime" : 18.946338244996547,
    "medianResTime" : 16.0,
    "minResTime" : 7.0,
    "maxResTime" : 356.0,
    "pct1ResTime" : 28.0,
    "pct2ResTime" : 35.0,
    "pct3ResTime" : 64.04999999999927,
    "throughput" : 15.282954816634792,
    "receivedKBytesPerSec" : 1766.3413097310777,
    "sentKBytesPerSec" : 6.730205401992632
  },
  "Home" : {
    "transaction" : "Home",
    "sampleCount" : 9150,
    "errorCount" : 0,
    "errorPct" : 0.0,
    "meanResTime" : 9.553879781420775,
    "medianResTime" : 8.0,
    "minResTime" : 3.0,
    "maxResTime" : 235.0,
    "pct1ResTime" : 14.0,
    "pct2ResTime" : 18.0,
    "pct3ResTime" : 33.48999999999978,
    "throughput" : 15.295913232887385,
    "receivedKBytesPerSec" : 136.1993523998703,
    "sentKBytesPerSec" : 2.195800044174263
  }
}