{
  "Add Product to Cart-1" : {
    "transaction" : "Add Product to Cart-1",
    "sampleCount" : 1801,
    "errorCount" : 0,
    "errorPct" : 0.0,
    "meanResTime" : 14.712937257079401,
    "medianResTime" : 13.0,
    "minResTime" : 8.0,
    "maxResTime" : 143.0,
    "pct1ResTime" : 20.0,
    "pct2ResTime" : 24.0,
    "pct3ResTime" : 32.0,
    "throughput" : 3.045650942359238,
    "receivedKBytesPerSec" : 77.34797111620317,
    "sentKBytesPerSec" : 2.6013503872593366
  },
  "Add Product to Cart-0" : {
    "transaction" : "Add Product to Cart-0",
    "sampleCount" : 1801,
    "errorCount" : 0,
    "errorPct" : 0.0,
    "meanResTime" : 5.455857856746255,
    "medianResTime" : 5.0,
    "minResTime" : 3.0,
    "maxResTime" : 90.0,
    "pct1ResTime" : 7.0,
    "pct2ResTime" : 8.0,
    "pct3ResTime" : 13.0,
    "throughput" : 3.0456715443634783,
    "receivedKBytesPerSec" : 2.7738767236539266,
    "sentKBytesPerSec" : 2.5662000348578036
  },
  "Add Product to Cart" : {
    "transaction" : "Add Product to Cart",
    "sampleCount" : 1801,
    "errorCount" : 0,
    "errorPct" : 0.0,
    "meanResTime" : 20.27096057745699,
    "medianResTime" : 18.0,
    "minResTime" : 11.0,
    "maxResTime" : 149.0,
    "pct1ResTime" : 28.0,
    "pct2ResTime" : 32.0,
    "pct3ResTime" : 43.98000000000002,
    "throughput" : 3.0455788375392534,
    "receivedKBytesPerSec" : 80.11993221748071,
    "sentKBytesPerSec" : 5.16741072372237
  },
  "Add Product 2 to Cart-1" : {
    "transaction" : "Add Product 2 to Cart-1",
    "sampleCount" : 1788,
    "errorCount" : 0,
    "errorPct" : 0.0,
    "meanResTime" : 15.46476510067115,
    "medianResTime" : 14.0,
    "minResTime" : 9.0,
    "maxResTime" : 145.0,
    "pct1ResTime" : 22.0,
    "pct2ResTime" : 25.0,
    "pct3ResTime" : 35.0,
    "throughput" : 3.04853097634831,
    "receivedKBytesPerSec" : 79.12288659215413,
    "sentKBytesPerSec" : 2.950979956505579
  },
  "Add Product 2 to Cart-0" : {
    "transaction" : "Add Product 2 to Cart-0",
    "sampleCount" : 1788,
    "errorCount" : 0,
    "errorPct" : 0.0,
    "meanResTime" : 5.315436241610737,
    "medianResTime" : 5.0,
    "minResTime" : 3.0,
    "maxResTime" : 40.0,
    "pct1ResTime" : 7.0,
    "pct2ResTime" : 8.0,
    "pct3ResTime" : 12.0,
    "throughput" : 3.0485569652195115,
    "receivedKBytesPerSec" : 3.1236772856078447,
    "sentKBytesPerSec" : 2.943432473951718
  },
  "Add Product 2 to Cart" : {
    "transaction" : "Add Product 2 to Cart",
    "sampleCount" : 1788,
    "errorCount" : 0,
    "errorPct" : 0.0,
    "meanResTime" : 20.887024608501157,
    "medianResTime" : 19.0,
    "minResTime" : 12.0,
    "maxResTime" : 155.0,
    "pct1ResTime" : 29.0,
    "pct2ResTime" : 33.0,
    "pct3ResTime" : 47.2199999999998,
    "throughput" : 3.0484997902877664,
    "receivedKBytesPerSec" : 82.24569587751355,
    "sentKBytesPerSec" : 5.894327038982605
  },
  "Login" : {
    "transaction" : "Login",
    "sampleCount" : 1815,
    "errorCount" : 0,
    "errorPct" : 0.0,
    "meanResTime" : 16.49696969696969,
    "medianResTime" : 15.0,
    "minResTime" : 10.0,
    "maxResTime" : 192.0,
    "pct1ResTime" : 22.0,
    "pct2ResTime" : 24.0,
    "pct3ResTime" : 31.0,
    "throughput" : 3.04676405120578,
    "receivedKBytesPerSec" : 31.086434133556537,
    "sentKBytesPerSec" : 3.0372134058877243
  },
  "Login-0" : {
    "transaction" : "Login-0",
    "sampleCount" : 1815,
    "errorCount" : 0,
    "errorPct" : 0.0,
    "meanResTime" : 10.66446280991736,
    "medianResTime" : 10.0,
    "minResTime" : 6.0,
    "maxResTime" : 182.0,
    "pct1ResTime" : 14.0,
    "pct2ResTime" : 15.0,
    "pct3ResTime" : 20.0,
    "throughput" : 3.046789623792825,
    "receivedKBytesPerSec" : 2.3891502079874574,
    "sentKBytesPerSec" : 0.8206607588604504
  },
  "Login-1" : {
    "transaction" : "Login-1",
    "sampleCount" : 1815,
    "errorCount" : 0,
    "errorPct" : 0.0,
    "meanResTime" : 5.736639118457301,
    "medianResTime" : 5.0,
    "minResTime" : 3.0,
    "maxResTime" : 19.0,
    "pct1ResTime" : 8.0,
    "pct2ResTime" : 9.0,
    "pct3ResTime" : 12.0,
    "throughput" : 3.0469021482758563,
    "receivedKBytesPerSec" : 28.698604707149055,
    "sentKBytesPerSec" : 2.216660002442558
  },
  "Logout-1" : {
    "transaction" : "Logout-1",
    "sampleCount" : 1785,
    "errorCount" : 0,
    "errorPct" : 0.0,
    "meanResTime" : 5.524369747899151,
    "medianResTime" : 5.0,
    "minResTime" : 3.0,
    "maxResTime" : 34.0,
    "pct1ResTime" : 8.0,
    "pct2ResTime" : 9.0,
    "pct3ResTime" : 12.0,
    "throughput" : 3.0581668474154635,
    "receivedKBytesPerSec" : 28.165597205053942,
    "sentKBytesPerSec" : 2.1896801886683352
  },
  "Logout-0" : {
    "transaction" : "Logout-0",
    "sampleCount" : 1785,
    "errorCount" : 0,
    "errorPct" : 0.0,
    "meanResTime" : 4.304761904761909,
    "medianResTime" : 4.0,
    "minResTime" : 2.0,
    "maxResTime" : 181.0,
    "pct1ResTime" : 5.400000000000091,
    "pct2ResTime" : 7.0,
    "pct3ResTime" : 10.0,
    "throughput" : 3.0581668474154635,
    "receivedKBytesPerSec" : 4.157195558205395,
    "sentKBytesPerSec" : 3.2519240297173293
  },
  "Look at Product" : {
    "transaction" : "Look at Product",
    "sampleCount" : 1803,
    "errorCount" : 0,
    "errorPct" : 0.0,
    "meanResTime" : 17.59456461453135,
    "medianResTime" : 15.0,
    "minResTime" : 10.0,
    "maxResTime" : 135.0,
    "pct1ResTime" : 24.0,
    "pct2ResTime" : 29.0,
    "pct3ResTime" : 43.0,
    "throughput" : 3.0399800369586036,
    "receivedKBytesPerSec" : 329.2833219137374,
    "sentKBytesPerSec" : 2.250663256875784
  },
  "Total" : {
    "transaction" : "Total",
    "sampleCount" : 28797,
    "errorCount" : 0,
    "errorPct" : 0.0,
    "meanResTime" : 11.38115081432088,
    "medianResTime" : 10.0,
    "minResTime" : 2.0,
    "maxResTime" : 196.0,
    "pct1ResTime" : 19.0,
    "pct2ResTime" : 23.0,
    "pct3ResTime" : 32.0,
    "throughput" : 48.085962612608846,
    "receivedKBytesPerSec" : 1501.2901570183806,
    "sentKBytesPerSec" : 45.96155331335109
  },
  "Logout" : {
    "transaction" : "Logout",
    "sampleCount" : 1785,
    "errorCount" : 0,
    "errorPct" : 0.0,
    "meanResTime" : 9.926050420168076,
    "medianResTime" : 9.0,
    "minResTime" : 5.0,
    "maxResTime" : 189.0,
    "pct1ResTime" : 13.0,
    "pct2ResTime" : 15.0,
    "pct3ResTime" : 21.0,
    "throughput" : 3.0581458898347917,
    "receivedKBytesPerSec" : 32.32257125554878,
    "sentKBytesPerSec" : 5.441566927137318
  },
  "List Products with different page" : {
    "transaction" : "List Products with different page",
    "sampleCount" : 1795,
    "errorCount" : 0,
    "errorPct" : 0.0,
    "meanResTime" : 11.810584958217285,
    "medianResTime" : 10.0,
    "minResTime" : 7.0,
    "maxResTime" : 196.0,
    "pct1ResTime" : 16.0,
    "pct2ResTime" : 18.0,
    "pct3ResTime" : 28.0,
    "throughput" : 3.0519425316670916,
    "receivedKBytesPerSec" : 356.9617872911885,
    "sentKBytesPerSec" : 2.671514029690555
  },
  "List Products" : {
    "transaction" : "List Products",
    "sampleCount" : 1807,
    "errorCount" : 0,
    "errorPct" : 0.0,
    "meanResTime" : 11.629773104593252,
    "medianResTime" : 10.0,
    "minResTime" : 7.0,
    "maxResTime" : 172.0,
    "pct1ResTime" : 16.0,
    "pct2ResTime" : 18.0,
    "pct3ResTime" : 25.0,
    "throughput" : 3.0402500845448626,
    "receivedKBytesPerSec" : 355.96578625039746,
    "sentKBytesPerSec" : 2.2881103581757825
  },
  "Home" : {
    "transaction" : "Home",
    "sampleCount" : 1825,
    "errorCount" : 0,
    "errorPct" : 0.0,
    "meanResTime" : 6.300821917808235,
    "medianResTime" : 6.0,
    "minResTime" : 3.0,
    "maxResTime" : 104.0,
    "pct1ResTime" : 8.0,
    "pct2ResTime" : 10.0,
    "pct3ResTime" : 16.0,
    "throughput" : 3.0485105729028334,
    "receivedKBytesPerSec" : 27.144843167703158,
    "sentKBytesPerSec" : 0.4376279826335122
  }
}