{
  "Add Product to Cart-1" : {
    "transaction" : "Add Product to Cart-1",
    "sampleCount" : 3608,
    "errorCount" : 0,
    "errorPct" : 0.0,
    "meanResTime" : 18.232815964523304,
    "medianResTime" : 16.0,
    "minResTime" : 9.0,
    "maxResTime" : 199.0,
    "pct1ResTime" : 26.0,
    "pct2ResTime" : 30.0,
    "pct3ResTime" : 38.0,
    "throughput" : 6.119361469732227,
    "receivedKBytesPerSec" : 157.1351925799986,
    "sentKBytesPerSec" : 5.221443518658286
  },
  "Add Product to Cart-0" : {
    "transaction" : "Add Product to Cart-0",
    "sampleCount" : 3608,
    "errorCount" : 0,
    "errorPct" : 0.0,
    "meanResTime" : 5.970620842572057,
    "medianResTime" : 5.0,
    "minResTime" : 2.0,
    "maxResTime" : 159.0,
    "pct1ResTime" : 8.0,
    "pct2ResTime" : 10.0,
    "pct3ResTime" : 15.0,
    "throughput" : 6.1194652591444285,
    "receivedKBytesPerSec" : 5.564803253382836,
    "sentKBytesPerSec" : 5.123624728944833
  },
  "Add Product to Cart" : {
    "transaction" : "Add Product to Cart",
    "sampleCount" : 3608,
    "errorCount" : 0,
    "errorPct" : 0.0,
    "meanResTime" : 24.304878048780523,
    "medianResTime" : 22.0,
    "minResTime" : 12.0,
    "maxResTime" : 215.0,
    "pct1ResTime" : 35.0,
    "pct2ResTime" : 39.0,
    "pct3ResTime" : 49.909999999999854,
    "throughput" : 6.119278440737299,
    "receivedKBytesPerSec" : 162.6976938992295,
    "sentKBytesPerSec" : 10.344840984940097
  },
  "Add Product 2 to Cart-1" : {
    "transaction" : "Add Product 2 to Cart-1",
    "sampleCount" : 3580,
    "errorCount" : 0,
    "errorPct" : 0.0,
    "meanResTime" : 18.85530726256982,
    "medianResTime" : 17.0,
    "minResTime" : 9.0,
    "maxResTime" : 173.0,
    "pct1ResTime" : 27.0,
    "pct2ResTime" : 31.0,
    "pct3ResTime" : 40.0,
    "throughput" : 6.102570921079098,
    "receivedKBytesPerSec" : 160.1249191233563,
    "sentKBytesPerSec" : 5.90431960116375
  },
  "Add Product 2 to Cart-0" : {
    "transaction" : "Add Product 2 to Cart-0",
    "sampleCount" : 3580,
    "errorCount" : 0,
    "errorPct" : 0.0,
    "meanResTime" : 6.088826815642444,
    "medianResTime" : 5.0,
    "minResTime" : 3.0,
    "maxResTime" : 182.0,
    "pct1ResTime" : 8.0,
    "pct2ResTime" : 10.0,
    "pct3ResTime" : 15.0,
    "throughput" : 6.102716561204451,
    "receivedKBytesPerSec" : 6.246859346340245,
    "sentKBytesPerSec" : 5.887263991180893
  },
  "Add Product 2 to Cart" : {
    "transaction" : "Add Product 2 to Cart",
    "sampleCount" : 3580,
    "errorCount" : 0,
    "errorPct" : 0.0,
    "meanResTime" : 25.050837988826782,
    "medianResTime" : 23.0,
    "minResTime" : 13.0,
    "maxResTime" : 239.0,
    "pct1ResTime" : 36.0,
    "pct2ResTime" : 40.0,
    "pct3ResTime" : 54.0,
    "throughput" : 6.10250850601046,
    "receivedKBytesPerSec" : 166.36992779586086,
    "sentKBytesPerSec" : 11.791322494988442
  },
  "Login" : {
    "transaction" : "Login",
    "sampleCount" : 3646,
    "errorCount" : 0,
    "errorPct" : 0.0,
    "meanResTime" : 19.184311574327957,
    "medianResTime" : 18.0,
    "minResTime" : 8.0,
    "maxResTime" : 174.0,
    "pct1ResTime" : 26.0,
    "pct2ResTime" : 28.0,
    "pct3ResTime" : 37.0,
    "throughput" : 6.113233994678167,
    "receivedKBytesPerSec" : 62.38940355308672,
    "sentKBytesPerSec" : 6.063524212434882
  },
  "Login-0" : {
    "transaction" : "Login-0",
    "sampleCount" : 3646,
    "errorCount" : 0,
    "errorPct" : 0.0,
    "meanResTime" : 12.096269884805286,
    "medianResTime" : 11.0,
    "minResTime" : 3.0,
    "maxResTime" : 143.0,
    "pct1ResTime" : 16.0,
    "pct2ResTime" : 18.0,
    "pct3ResTime" : 23.0,
    "throughput" : 6.113305745769646,
    "receivedKBytesPerSec" : 4.761908847651927,
    "sentKBytesPerSec" : 1.647240626215619
  },
  "Login-1" : {
    "transaction" : "Login-1",
    "sampleCount" : 3646,
    "errorCount" : 0,
    "errorPct" : 0.0,
    "meanResTime" : 6.981349424026312,
    "medianResTime" : 6.0,
    "minResTime" : 3.0,
    "maxResTime" : 159.0,
    "pct1ResTime" : 10.0,
    "pct2ResTime" : 11.0,
    "pct3ResTime" : 15.0,
    "throughput" : 6.113541511215145,
    "receivedKBytesPerSec" : 57.630449457854965,
    "sentKBytesPerSec" : 4.416525074784408
  },
  "Logout-1" : {
    "transaction" : "Logout-1",
    "sampleCount" : 3576,
    "errorCount" : 0,
    "errorPct" : 0.0,
    "meanResTime" : 6.690715883668907,
    "medianResTime" : 6.0,
    "minResTime" : 3.0,
    "maxResTime" : 151.0,
    "pct1ResTime" : 9.0,
    "pct2ResTime" : 11.0,
    "pct3ResTime" : 13.230000000000018,
    "throughput" : 6.118332241181371,
    "receivedKBytesPerSec" : 56.369133096182374,
    "sentKBytesPerSec" : 4.376481970724054
  },
  "Logout-0" : {
    "transaction" : "Logout-0",
    "sampleCount" : 3576,
    "errorCount" : 0,
    "errorPct" : 0.0,
    "meanResTime" : 4.6303131991051405,
    "medianResTime" : 4.0,
    "minResTime" : 2.0,
    "maxResTime" : 38.0,
    "pct1ResTime" : 7.0,
    "pct2ResTime" : 8.0,
    "pct3ResTime" : 12.0,
    "throughput" : 6.118353177488704,
    "receivedKBytesPerSec" : 8.301931629199737,
    "sentKBytesPerSec" : 6.502735219112668
  },
  "Look at Product" : {
    "transaction" : "Look at Product",
    "sampleCount" : 3619,
    "errorCount" : 0,
    "errorPct" : 0.0,
    "meanResTime" : 21.320806852721677,
    "medianResTime" : 19.0,
    "minResTime" : 11.0,
    "maxResTime" : 218.0,
    "pct1ResTime" : 31.0,
    "pct2ResTime" : 35.0,
    "pct3ResTime" : 46.0,
    "throughput" : 6.116306149938229,
    "receivedKBytesPerSec" : 662.3023927232815,
    "sentKBytesPerSec" : 4.4957323226668375
  },
  "Total" : {
    "transaction" : "Total",
    "sampleCount" : 57735,
    "errorCount" : 0,
    "errorPct" : 0.0,
    "meanResTime" : 13.45958257556078,
    "medianResTime" : 12.0,
    "minResTime" : 2.0,
    "maxResTime" : 239.0,
    "pct1ResTime" : 24.0,
    "pct2ResTime" : 29.0,
    "pct3ResTime" : 40.0,
    "throughput" : 96.52809822843729,
    "receivedKBytesPerSec" : 3007.327578910278,
    "sentKBytesPerSec" : 91.99880953015385
  },
  "Logout" : {
    "transaction" : "Logout",
    "sampleCount" : 3576,
    "errorCount" : 0,
    "errorPct" : 0.0,
    "meanResTime" : 11.437080536912752,
    "medianResTime" : 10.0,
    "minResTime" : 5.0,
    "maxResTime" : 160.0,
    "pct1ResTime" : 16.0,
    "pct2ResTime" : 18.0,
    "pct3ResTime" : 24.0,
    "throughput" : 6.1182799010399025,
    "receivedKBytesPerSec" : 64.67048307955989,
    "sentKBytesPerSec" : 10.879101870600776
  },
  "List Products with different page" : {
    "transaction" : "List Products with different page",
    "sampleCount" : 3593,
    "errorCount" : 0,
    "errorPct" : 0.0,
    "meanResTime" : 13.659337600890646,
    "medianResTime" : 12.0,
    "minResTime" : 7.0,
    "maxResTime" : 143.0,
    "pct1ResTime" : 19.0,
    "pct2ResTime" : 22.0,
    "pct3ResTime" : 32.0,
    "throughput" : 6.106390210740992,
    "receivedKBytesPerSec" : 707.0118780803875,
    "sentKBytesPerSec" : 5.339237630650918
  },
  "List Products" : {
    "transaction" : "List Products",
    "sampleCount" : 3633,
    "errorCount" : 0,
    "errorPct" : 0.0,
    "meanResTime" : 13.829892650701916,
    "medianResTime" : 12.0,
    "minResTime" : 6.0,
    "maxResTime" : 193.0,
    "pct1ResTime" : 19.0,
    "pct2ResTime" : 22.0,
    "pct3ResTime" : 33.0,
    "throughput" : 6.117850719727332,
    "receivedKBytesPerSec" : 709.2524200573686,
    "sentKBytesPerSec" : 4.572697878181013
  },
  "Home" : {
    "transaction" : "Home",
    "sampleCount" : 3660,
    "errorCount" : 0,
    "errorPct" : 0.0,
    "meanResTime" : 7.027595628415298,
    "medianResTime" : 6.0,
    "minResTime" : 3.0,
    "maxResTime" : 145.0,
    "pct1ResTime" : 10.0,
    "pct2ResTime" : 12.0,
    "pct3ResTime" : 19.0,
    "throughput" : 6.121404511107172,
    "receivedKBytesPerSec" : 54.50680305886249,
    "sentKBytesPerSec" : 0.8787563116530802
  }
}