{
  "Add Product to Cart-1" : {
    "transaction" : "Add Product to Cart-1",
    "sampleCount" : 8995,
    "errorCount" : 0,
    "errorPct" : 0.0,
    "meanResTime" : 29.5346303501945,
    "medianResTime" : 25.0,
    "minResTime" : 10.0,
    "maxResTime" : 6133.0,
    "pct1ResTime" : 44.0,
    "pct2ResTime" : 55.0,
    "pct3ResTime" : 87.03999999999905,
    "throughput" : 15.201831993983488,
    "receivedKBytesPerSec" : 374.3075195568315,
    "sentKBytesPerSec" : 12.216923049703821
  },
  "Add Product to Cart-0" : {
    "transaction" : "Add Product to Cart-0",
    "sampleCount" : 8995,
    "errorCount" : 0,
    "errorPct" : 0.0,
    "meanResTime" : 8.402668148971635,
    "medianResTime" : 7.0,
    "minResTime" : 2.0,
    "maxResTime" : 353.0,
    "pct1ResTime" : 13.0,
    "pct2ResTime" : 17.0,
    "pct3ResTime" : 32.0,
    "throughput" : 15.202474310438076,
    "receivedKBytesPerSec" : 12.59678479076528,
    "sentKBytesPerSec" : 8.069199210827644
  },
  "Add Product to Cart" : {
    "transaction" : "Add Product to Cart",
    "sampleCount" : 8995,
    "errorCount" : 0,
    "errorPct" : 0.0,
    "meanResTime" : 38.0622568093385,
    "medianResTime" : 32.0,
    "minResTime" : 13.0,
    "maxResTime" : 6163.0,
    "pct1ResTime" : 57.0,
    "pct2ResTime" : 71.0,
    "pct3ResTime" : 121.03999999999905,
    "throughput" : 15.201600773346584,
    "receivedKBytesPerSec" : 386.8978872975373,
    "sentKBytesPerSec" : 20.28547278277597
  },
  "Add Product 2 to Cart-1" : {
    "transaction" : "Add Product 2 to Cart-1",
    "sampleCount" : 8931,
    "errorCount" : 0,
    "errorPct" : 0.0,
    "meanResTime" : 30.821744485500034,
    "medianResTime" : 26.0,
    "minResTime" : 10.0,
    "maxResTime" : 6521.0,
    "pct1ResTime" : 46.0,
    "pct2ResTime" : 58.0,
    "pct3ResTime" : 97.68000000000029,
    "throughput" : 15.185030902243494,
    "receivedKBytesPerSec" : 382.37487540274935,
    "sentKBytesPerSec" : 13.926530593539859
  },
  "Add Product 2 to Cart-0" : {
    "transaction" : "Add Product 2 to Cart-0",
    "sampleCount" : 8931,
    "errorCount" : 0,
    "errorPct" : 0.0,
    "meanResTime" : 8.5911991938193,
    "medianResTime" : 7.0,
    "minResTime" : 3.0,
    "maxResTime" : 235.0,
    "pct1ResTime" : 13.0,
    "pct2ResTime" : 17.0,
    "pct3ResTime" : 32.0,
    "throughput" : 15.185573110432493,
    "receivedKBytesPerSec" : 14.313010853684766,
    "sentKBytesPerSec" : 13.892905197819678
  },
  "Add Product 2 to Cart" : {
    "transaction" : "Add Product 2 to Cart",
    "sampleCount" : 8931,
    "errorCount" : 0,
    "errorPct" : 0.0,
    "meanResTime" : 39.53543836076592,
    "medianResTime" : 33.0,
    "minResTime" : 14.0,
    "maxResTime" : 6538.0,
    "pct1ResTime" : 58.80000000000018,
    "pct2ResTime" : 74.0,
    "pct3ResTime" : 123.0,
    "throughput" : 15.184746903882644,
    "receivedKBytesPerSec" : 396.67995614949524,
    "sentKBytesPerSec" : 27.818419454192426
  },
  "Login" : {
    "transaction" : "Login",
    "sampleCount" : 9093,
    "errorCount" : 0,
    "errorPct" : 0.0,
    "meanResTime" : 21.44044869679983,
    "medianResTime" : 18.0,
    "minResTime" : 6.0,
    "maxResTime" : 604.0,
    "pct1ResTime" : 33.0,
    "pct2ResTime" : 40.0,
    "pct3ResTime" : 69.0,
    "throughput" : 15.233043961898126,
    "receivedKBytesPerSec" : 157.75208206031817,
    "sentKBytesPerSec" : 10.497406386532836
  },
  "Login-0" : {
    "transaction" : "Login-0",
    "sampleCount" : 9093,
    "errorCount" : 0,
    "errorPct" : 0.0,
    "meanResTime" : 11.715605410755531,
    "medianResTime" : 10.0,
    "minResTime" : 3.0,
    "maxResTime" : 321.0,
    "pct1ResTime" : 19.0,
    "pct2ResTime" : 24.0,
    "pct3ResTime" : 40.0,
    "throughput" : 15.23342675876303,
    "receivedKBytesPerSec" : 7.139680632874918,
    "sentKBytesPerSec" : 4.114216841476368
  },
  "Login-1" : {
    "transaction" : "Login-1",
    "sampleCount" : 9093,
    "errorCount" : 0,
    "errorPct" : 0.0,
    "meanResTime" : 9.622236885516331,
    "medianResTime" : 8.0,
    "minResTime" : 3.0,
    "maxResTime" : 428.0,
    "pct1ResTime" : 14.0,
    "pct2ResTime" : 18.0,
    "pct3ResTime" : 31.0,
    "throughput" : 15.233503320444692,
    "receivedKBytesPerSec" : 150.61712262138806,
    "sentKBytesPerSec" : 6.38348542091076
  },
  "Logout-1" : {
    "transaction" : "Logout-1",
    "sampleCount" : 8899,
    "errorCount" : 0,
    "errorPct" : 0.0,
    "meanResTime" : 9.974379143724034,
    "medianResTime" : 8.0,
    "minResTime" : 3.0,
    "maxResTime" : 347.0,
    "pct1ResTime" : 15.0,
    "pct2ResTime" : 19.0,
    "pct3ResTime" : 32.0,
    "throughput" : 15.17585505941418,
    "receivedKBytesPerSec" : 142.5707890237034,
    "sentKBytesPerSec" : 10.188252176551691
  },
  "Logout-0" : {
    "transaction" : "Logout-0",
    "sampleCount" : 8899,
    "errorCount" : 0,
    "errorPct" : 0.0,
    "meanResTime" : 6.926733340824803,
    "medianResTime" : 6.0,
    "minResTime" : 2.0,
    "maxResTime" : 216.0,
    "pct1ResTime" : 11.0,
    "pct2ResTime" : 14.0,
    "pct3ResTime" : 25.0,
    "throughput" : 15.176062102649459,
    "receivedKBytesPerSec" : 18.33071150901116,
    "sentKBytesPerSec" : 15.364590105950196
  },
  "Look at Product" : {
    "transaction" : "Look at Product",
    "sampleCount" : 9031,
    "errorCount" : 0,
    "errorPct" : 0.0,
    "meanResTime" : 34.090023253238904,
    "medianResTime" : 28.0,
    "minResTime" : 11.0,
    "maxResTime" : 6124.0,
    "pct1ResTime" : 51.0,
    "pct2ResTime" : 65.0,
    "pct3ResTime" : 126.36000000000058,
    "throughput" : 15.212872404580539,
    "receivedKBytesPerSec" : 1580.8545326718374,
    "sentKBytesPerSec" : 6.5239893108978135
  },
  "Total" : {
    "transaction" : "Total",
    "sampleCount" : 143937,
    "errorCount" : 0,
    "errorPct" : 0.0,
    "meanResTime" : 19.81414090886999,
    "medianResTime" : 14.0,
    "minResTime" : 2.0,
    "maxResTime" : 6538.0,
    "pct1ResTime" : 36.0,
    "pct2ResTime" : 44.0,
    "pct3ResTime" : 72.0,
    "throughput" : 240.3741457972893,
    "receivedKBytesPerSec" : 7366.196778416853,
    "sentKBytesPerSec" : 193.3959289840666
  },
  "Logout" : {
    "transaction" : "Logout",
    "sampleCount" : 8899,
    "errorCount" : 0,
    "errorPct" : 0.0,
    "meanResTime" : 17.04483649848302,
    "medianResTime" : 14.0,
    "minResTime" : 6.0,
    "maxResTime" : 356.0,
    "pct1ResTime" : 25.0,
    "pct2ResTime" : 32.0,
    "pct3ResTime" : 57.0,
    "throughput" : 15.175725660260882,
    "receivedKBytesPerSec" : 160.89987850327933,
    "sentKBytesPerSec" : 25.552414788956966
  },
  "List Products with different page" : {
    "transaction" : "List Products with different page",
    "sampleCount" : 8967,
    "errorCount" : 0,
    "errorPct" : 0.0,
    "meanResTime" : 20.614586818333805,
    "medianResTime" : 17.0,
    "minResTime" : 7.0,
    "maxResTime" : 532.0,
    "pct1ResTime" : 31.0,
    "pct2ResTime" : 39.0,
    "pct3ResTime" : 67.31999999999971,
    "throughput" : 15.197042957449296,
    "receivedKBytesPerSec" : 1761.8233907401122,
    "sentKBytesPerSec" : 12.534790542819326
  },
  "List Products" : {
    "transaction" : "List Products",
    "sampleCount" : 9067,
    "errorCount" : 0,
    "errorPct" : 0.0,
    "meanResTime" : 20.539208117348753,
    "medianResTime" : 17.0,
    "minResTime" : 7.0,
    "maxResTime" : 656.0,
    "pct1ResTime" : 31.0,
    "pct2ResTime" : 39.0,
    "pct3ResTime" : 70.31999999999971,
    "throughput" : 15.231155078255583,
    "receivedKBytesPerSec" : 1764.130779467527,
    "sentKBytesPerSec" : 6.717136036372005
  },
  "Home" : {
    "transaction" : "Home",
    "sampleCount" : 9118,
    "errorCount" : 0,
    "errorPct" : 0.0,
    "meanResTime" : 10.229107260364094,
    "medianResTime" : 8.0,
    "minResTime" : 3.0,
    "maxResTime" : 327.0,
    "pct1ResTime" : 16.0,
    "pct2ResTime" : 20.0,
    "pct3ResTime" : 37.0,
    "throughput" : 15.230605532661949,
    "receivedKBytesPerSec" : 135.6178332488395,
    "sentKBytesPerSec" : 2.186424817677057
  }
}