{
  "Add Product to Cart-1" : {
    "transaction" : "Add Product to Cart-1",
    "sampleCount" : 9029,
    "errorCount" : 0,
    "errorPct" : 0.0,
    "meanResTime" : 22.089267914497714,
    "medianResTime" : 20.0,
    "minResTime" : 10.0,
    "maxResTime" : 238.0,
    "pct1ResTime" : 31.0,
    "pct2ResTime" : 35.0,
    "pct3ResTime" : 50.0,
    "throughput" : 15.282693437192684,
    "receivedKBytesPerSec" : 376.2502748528899,
    "sentKBytesPerSec" : 12.279314022726004
  },
  "Add Product to Cart-0" : {
    "transaction" : "Add Product to Cart-0",
    "sampleCount" : 9029,
    "errorCount" : 0,
    "errorPct" : 0.0,
    "meanResTime" : 6.788902425517763,
    "medianResTime" : 6.0,
    "minResTime" : 2.0,
    "maxResTime" : 152.0,
    "pct1ResTime" : 9.0,
    "pct2ResTime" : 12.0,
    "pct3ResTime" : 19.0,
    "throughput" : 15.282848645803183,
    "receivedKBytesPerSec" : 12.659281082269931,
    "sentKBytesPerSec" : 8.095812270541458
  },
  "Add Product to Cart" : {
    "transaction" : "Add Product to Cart",
    "sampleCount" : 9029,
    "errorCount" : 0,
    "errorPct" : 0.0,
    "meanResTime" : 29.00199357625433,
    "medianResTime" : 27.0,
    "minResTime" : 13.0,
    "maxResTime" : 305.0,
    "pct1ResTime" : 40.0,
    "pct2ResTime" : 46.0,
    "pct3ResTime" : 67.0,
    "throughput" : 15.282512364464816,
    "receivedKBytesPerSec" : 388.9048194860072,
    "sentKBytesPerSec" : 20.37480266629401
  },
  "Add Product 2 to Cart-1" : {
    "transaction" : "Add Product 2 to Cart-1",
    "sampleCount" : 8976,
    "errorCount" : 0,
    "errorPct" : 0.0,
    "meanResTime" : 22.944964349376047,
    "medianResTime" : 21.0,
    "minResTime" : 10.0,
    "maxResTime" : 242.0,
    "pct1ResTime" : 32.0,
    "pct2ResTime" : 37.0,
    "pct3ResTime" : 51.0,
    "throughput" : 15.280170506002436,
    "receivedKBytesPerSec" : 384.7135757355582,
    "sentKBytesPerSec" : 14.009253447869355
  },
  "Add Product 2 to Cart-0" : {
    "transaction" : "Add Product 2 to Cart-0",
    "sampleCount" : 8976,
    "errorCount" : 0,
    "errorPct" : 0.0,
    "meanResTime" : 7.048462566844899,
    "medianResTime" : 6.0,
    "minResTime" : 3.0,
    "maxResTime" : 147.0,
    "pct1ResTime" : 10.0,
    "pct2ResTime" : 12.0,
    "pct3ResTime" : 19.0,
    "throughput" : 15.280456643236406,
    "receivedKBytesPerSec" : 14.398161117868566,
    "sentKBytesPerSec" : 13.974951394728956
  },
  "Add Product 2 to Cart" : {
    "transaction" : "Add Product 2 to Cart",
    "sampleCount" : 8976,
    "errorCount" : 0,
    "errorPct" : 0.0,
    "meanResTime" : 30.127896613190742,
    "medianResTime" : 28.0,
    "minResTime" : 14.0,
    "maxResTime" : 328.0,
    "pct1ResTime" : 42.0,
    "pct2ResTime" : 48.0,
    "pct3ResTime" : 69.0,
    "throughput" : 15.279884379484509,
    "receivedKBytesPerSec" : 399.1039937364773,
    "sentKBytesPerSec" : 27.983419142774824
  },
  "Login" : {
    "transaction" : "Login",
    "sampleCount" : 9132,
    "errorCount" : 0,
    "errorPct" : 0.0,
    "meanResTime" : 17.834099868594002,
    "medianResTime" : 16.0,
    "minResTime" : 6.0,
    "maxResTime" : 285.0,
    "pct1ResTime" : 26.0,
    "pct2ResTime" : 30.0,
    "pct3ResTime" : 43.0,
    "throughput" : 15.313771326422124,
    "receivedKBytesPerSec" : 158.59309265454215,
    "sentKBytesPerSec" : 10.54289915719338
  },
  "Login-0" : {
    "transaction" : "Login-0",
    "sampleCount" : 9132,
    "errorCount" : 0,
    "errorPct" : 0.0,
    "meanResTime" : 9.842641261498,
    "medianResTime" : 8.0,
    "minResTime" : 2.0,
    "maxResTime" : 189.0,
    "pct1ResTime" : 16.0,
    "pct2ResTime" : 18.0,
    "pct3ResTime" : 26.0,
    "throughput" : 15.31392540917628,
    "receivedKBytesPerSec" : 7.1670143285065055,
    "sentKBytesPerSec" : 4.135984231935034
  },
  "Login-1" : {
    "transaction" : "Login-1",
    "sampleCount" : 9132,
    "errorCount" : 0,
    "errorPct" : 0.0,
    "meanResTime" : 7.880749014454655,
    "medianResTime" : 7.0,
    "minResTime" : 3.0,
    "maxResTime" : 153.0,
    "pct1ResTime" : 11.0,
    "pct2ResTime" : 13.0,
    "pct3ResTime" : 18.0,
    "throughput" : 15.315543465317807,
    "receivedKBytesPerSec" : 151.44367376137723,
    "sentKBytesPerSec" : 6.407697965181122
  },
  "Logout-1" : {
    "transaction" : "Logout-1",
    "sampleCount" : 8943,
    "errorCount" : 0,
    "errorPct" : 0.0,
    "meanResTime" : 7.855529464385533,
    "medianResTime" : 7.0,
    "minResTime" : 3.0,
    "maxResTime" : 133.0,
    "pct1ResTime" : 11.0,
    "pct2ResTime" : 13.0,
    "pct3ResTime" : 19.0,
    "throughput" : 15.285925257414776,
    "receivedKBytesPerSec" : 143.60825047955467,
    "sentKBytesPerSec" : 10.258960589558464
  },
  "Logout-0" : {
    "transaction" : "Logout-0",
    "sampleCount" : 8943,
    "errorCount" : 0,
    "errorPct" : 0.0,
    "meanResTime" : 5.559320138655951,
    "medianResTime" : 5.0,
    "minResTime" : 2.0,
    "maxResTime" : 184.0,
    "pct1ResTime" : 8.0,
    "pct2ResTime" : 10.0,
    "pct3ResTime" : 16.0,
    "throughput" : 15.285951385102393,
    "receivedKBytesPerSec" : 18.455308131227063,
    "sentKBytesPerSec" : 15.471388209515645
  },
  "Look at Product" : {
    "transaction" : "Look at Product",
    "sampleCount" : 9063,
    "errorCount" : 0,
    "errorPct" : 0.0,
    "meanResTime" : 25.16241862517929,
    "medianResTime" : 23.0,
    "minResTime" : 11.0,
    "maxResTime" : 238.0,
    "pct1ResTime" : 35.600000000000364,
    "pct2ResTime" : 41.0,
    "pct3ResTime" : 56.0,
    "throughput" : 15.289880133953048,
    "receivedKBytesPerSec" : 1587.1128529263217,
    "sentKBytesPerSec" : 6.5398541030502155
  },
  "Total" : {
    "transaction" : "Total",
    "sampleCount" : 144569,
    "errorCount" : 0,
    "errorPct" : 0.0,
    "meanResTime" : 15.40588231225228,
    "medianResTime" : 13.0,
    "minResTime" : 2.0,
    "maxResTime" : 328.0,
    "pct1ResTime" : 30.0,
    "pct2ResTime" : 36.0,
    "pct3ResTime" : 69.0,
    "throughput" : 241.63699877985593,
    "receivedKBytesPerSec" : 7396.639360980879,
    "sentKBytesPerSec" : 194.31122677495446
  },
  "Logout" : {
    "transaction" : "Logout",
    "sampleCount" : 8943,
    "errorCount" : 0,
    "errorPct" : 0.0,
    "meanResTime" : 13.56178016325613,
    "medianResTime" : 12.0,
    "minResTime" : 6.0,
    "maxResTime" : 245.0,
    "pct1ResTime" : 19.0,
    "pct2ResTime" : 22.0,
    "pct3ResTime" : 31.55999999999949,
    "throughput" : 15.28579462031645,
    "receivedKBytesPerSec" : 162.0621420329654,
    "sentKBytesPerSec" : 25.73010245706372
  },
  "List Products with different page" : {
    "transaction" : "List Products with different page",
    "sampleCount" : 9003,
    "errorCount" : 0,
    "errorPct" : 0.0,
    "meanResTime" : 16.271242919027,
    "medianResTime" : 15.0,
    "minResTime" : 7.0,
    "maxResTime" : 223.0,
    "pct1ResTime" : 23.0,
    "pct2ResTime" : 26.0,
    "pct3ResTime" : 38.0,
    "throughput" : 15.289746037029616,
    "receivedKBytesPerSec" : 1771.2216800092472,
    "sentKBytesPerSec" : 12.605538393345402
  },
  "List Products" : {
    "transaction" : "List Products",
    "sampleCount" : 9098,
    "errorCount" : 0,
    "errorPct" : 0.0,
    "meanResTime" : 16.382941305781504,
    "medianResTime" : 14.0,
    "minResTime" : 7.0,
    "maxResTime" : 316.0,
    "pct1ResTime" : 23.0,
    "pct2ResTime" : 26.0,
    "pct3ResTime" : 44.0,
    "throughput" : 15.310028927170505,
    "receivedKBytesPerSec" : 1771.6815622339088,
    "sentKBytesPerSec" : 6.742401293287685
  },
  "Home" : {
    "transaction" : "Home",
    "sampleCount" : 9165,
    "errorCount" : 0,
    "errorPct" : 0.0,
    "meanResTime" : 8.228259683578836,
    "medianResTime" : 7.0,
    "minResTime" : 3.0,
    "maxResTime" : 171.0,
    "pct1ResTime" : 12.0,
    "pct2ResTime" : 14.0,
    "pct3ResTime" : 23.0,
    "throughput" : 15.322294816667448,
    "receivedKBytesPerSec" : 136.43426185388063,
    "sentKBytesPerSec" : 2.199587244189565
  }
}