{
  "Add Product to Cart-1" : {
    "transaction" : "Add Product to Cart-1",
    "sampleCount" : 1809,
    "errorCount" : 0,
    "errorPct" : 0.0,
    "meanResTime" : 19.686567164179156,
    "medianResTime" : 17.0,
    "minResTime" : 8.0,
    "maxResTime" : 261.0,
    "pct1ResTime" : 30.0,
    "pct2ResTime" : 35.0,
    "pct3ResTime" : 47.90000000000009,
    "throughput" : 3.0719122951209408,
    "receivedKBytesPerSec" : 78.03304242643712,
    "sentKBytesPerSec" : 2.6236431697499
  },
  "Add Product to Cart-0" : {
    "transaction" : "Add Product to Cart-0",
    "sampleCount" : 1809,
    "errorCount" : 0,
    "errorPct" : 0.0,
    "meanResTime" : 6.5135433941404015,
    "medianResTime" : 6.0,
    "minResTime" : 2.0,
    "maxResTime" : 131.0,
    "pct1ResTime" : 9.0,
    "pct2ResTime" : 11.0,
    "pct3ResTime" : 16.0,
    "throughput" : 3.071943594428727,
    "receivedKBytesPerSec" : 2.7976667068560888,
    "sentKBytesPerSec" : 2.5882012328954382
  },
  "Add Product to Cart" : {
    "transaction" : "Add Product to Cart",
    "sampleCount" : 1809,
    "errorCount" : 0,
    "errorPct" : 0.0,
    "meanResTime" : 26.31122166943062,
    "medianResTime" : 23.0,
    "minResTime" : 12.0,
    "maxResTime" : 271.0,
    "pct1ResTime" : 39.0,
    "pct2ResTime" : 45.0,
    "pct3ResTime" : 64.80000000000018,
    "throughput" : 3.0718601310252778,
    "receivedKBytesPerSec" : 80.82930804397735,
    "sentKBytesPerSec" : 5.2117295302720015
  },
  "Add Product 2 to Cart-1" : {
    "transaction" : "Add Product 2 to Cart-1",
    "sampleCount" : 1794,
    "errorCount" : 0,
    "errorPct" : 0.0,
    "meanResTime" : 20.154960981047896,
    "medianResTime" : 18.0,
    "minResTime" : 9.0,
    "maxResTime" : 169.0,
    "pct1ResTime" : 31.5,
    "pct2ResTime" : 36.0,
    "pct3ResTime" : 51.0,
    "throughput" : 3.0625570815230843,
    "receivedKBytesPerSec" : 79.49346116482583,
    "sentKBytesPerSec" : 2.9661769969997525
  },
  "Add Product 2 to Cart-0" : {
    "transaction" : "Add Product 2 to Cart-0",
    "sampleCount" : 1794,
    "errorCount" : 0,
    "errorPct" : 0.0,
    "meanResTime" : 6.866220735785947,
    "medianResTime" : 6.0,
    "minResTime" : 2.0,
    "maxResTime" : 201.0,
    "pct1ResTime" : 9.0,
    "pct2ResTime" : 11.0,
    "pct3ResTime" : 18.0,
    "throughput" : 3.062593678833961,
    "receivedKBytesPerSec" : 3.1396796626665733,
    "sentKBytesPerSec" : 2.956559815002441
  },
  "Add Product 2 to Cart" : {
    "transaction" : "Add Product 2 to Cart",
    "sampleCount" : 1794,
    "errorCount" : 0,
    "errorPct" : 0.0,
    "meanResTime" : 27.144370122631003,
    "medianResTime" : 24.0,
    "minResTime" : 12.0,
    "maxResTime" : 246.0,
    "pct1ResTime" : 41.0,
    "pct2ResTime" : 46.0,
    "pct3ResTime" : 70.14999999999986,
    "throughput" : 3.0625257130956265,
    "receivedKBytesPerSec" : 82.63225693442712,
    "sentKBytesPerSec" : 5.922640818141623
  },
  "Login" : {
    "transaction" : "Login",
    "sampleCount" : 1826,
    "errorCount" : 0,
    "errorPct" : 0.0,
    "meanResTime" : 19.75465498357069,
    "medianResTime" : 19.0,
    "minResTime" : 10.0,
    "maxResTime" : 233.0,
    "pct1ResTime" : 28.0,
    "pct2ResTime" : 31.0,
    "pct3ResTime" : 41.0,
    "throughput" : 3.0673455366426845,
    "receivedKBytesPerSec" : 31.29642626580498,
    "sentKBytesPerSec" : 3.0577243201151347
  },
  "Login-0" : {
    "transaction" : "Login-0",
    "sampleCount" : 1826,
    "errorCount" : 0,
    "errorPct" : 0.0,
    "meanResTime" : 12.469331872946336,
    "medianResTime" : 12.0,
    "minResTime" : 6.0,
    "maxResTime" : 213.0,
    "pct1ResTime" : 17.0,
    "pct2ResTime" : 19.0,
    "pct3ResTime" : 26.0,
    "throughput" : 3.067376452426268,
    "receivedKBytesPerSec" : 2.4052906443128386,
    "sentKBytesPerSec" : 0.8262026139893196
  },
  "Login-1" : {
    "transaction" : "Login-1",
    "sampleCount" : 1826,
    "errorCount" : 0,
    "errorPct" : 0.0,
    "meanResTime" : 7.168674698795186,
    "medianResTime" : 7.0,
    "minResTime" : 3.0,
    "maxResTime" : 45.0,
    "pct1ResTime" : 11.0,
    "pct2ResTime" : 12.0,
    "pct3ResTime" : 16.0,
    "throughput" : 3.067438285863074,
    "receivedKBytesPerSec" : 28.892033464013036,
    "sentKBytesPerSec" : 2.231597509491252
  },
  "Logout-1" : {
    "transaction" : "Logout-1",
    "sampleCount" : 1787,
    "errorCount" : 0,
    "errorPct" : 0.0,
    "meanResTime" : 6.993284834918865,
    "medianResTime" : 6.0,
    "minResTime" : 3.0,
    "maxResTime" : 40.0,
    "pct1ResTime" : 10.0,
    "pct2ResTime" : 12.0,
    "pct3ResTime" : 15.0,
    "throughput" : 3.05720933415452,
    "receivedKBytesPerSec" : 28.156778545323515,
    "sentKBytesPerSec" : 2.1898978007595975
  },
  "Logout-0" : {
    "transaction" : "Logout-0",
    "sampleCount" : 1787,
    "errorCount" : 0,
    "errorPct" : 0.0,
    "meanResTime" : 4.980973698936751,
    "medianResTime" : 4.0,
    "minResTime" : 2.0,
    "maxResTime" : 32.0,
    "pct1ResTime" : 7.0,
    "pct2ResTime" : 8.0,
    "pct3ResTime" : 14.0,
    "throughput" : 3.0571518020430055,
    "receivedKBytesPerSec" : 4.155815730902211,
    "sentKBytesPerSec" : 3.252901685282731
  },
  "Look at Product" : {
    "transaction" : "Look at Product",
    "sampleCount" : 1817,
    "errorCount" : 0,
    "errorPct" : 0.0,
    "meanResTime" : 22.943863511282338,
    "medianResTime" : 20.0,
    "minResTime" : 10.0,
    "maxResTime" : 223.0,
    "pct1ResTime" : 35.0,
    "pct2ResTime" : 40.0,
    "pct3ResTime" : 57.819999999999936,
    "throughput" : 3.0698582830419476,
    "receivedKBytesPerSec" : 329.8020880807092,
    "sentKBytesPerSec" : 2.2724393763178257
  },
  "Total" : {
    "transaction" : "Total",
    "sampleCount" : 28921,
    "errorCount" : 0,
    "errorPct" : 0.0,
    "meanResTime" : 14.4027523253,
    "medianResTime" : 13.0,
    "minResTime" : 2.0,
    "maxResTime" : 271.0,
    "pct1ResTime" : 29.0,
    "pct2ResTime" : 35.0,
    "pct3ResTime" : 50.0,
    "throughput" : 48.35729656611528,
    "receivedKBytesPerSec" : 1503.2958692501409,
    "sentKBytesPerSec" : 46.21022380987813
  },
  "Logout" : {
    "transaction" : "Logout",
    "sampleCount" : 1787,
    "errorCount" : 0,
    "errorPct" : 0.0,
    "meanResTime" : 12.099048684946851,
    "medianResTime" : 11.0,
    "minResTime" : 6.0,
    "maxResTime" : 50.0,
    "pct1ResTime" : 18.0,
    "pct2ResTime" : 20.0,
    "pct3ResTime" : 26.0,
    "throughput" : 3.057125651799034,
    "receivedKBytesPerSec" : 32.311788017012645,
    "sentKBytesPerSec" : 5.4427117192097665
  },
  "List Products with different page" : {
    "transaction" : "List Products with different page",
    "sampleCount" : 1801,
    "errorCount" : 0,
    "errorPct" : 0.0,
    "meanResTime" : 15.373126041088284,
    "medianResTime" : 13.0,
    "minResTime" : 7.0,
    "maxResTime" : 225.0,
    "pct1ResTime" : 22.0,
    "pct2ResTime" : 26.0,
    "pct3ResTime" : 46.98000000000002,
    "throughput" : 3.0675734829478003,
    "receivedKBytesPerSec" : 355.7901158073926,
    "sentKBytesPerSec" : 2.6846124931656643
  },
  "List Products" : {
    "transaction" : "List Products",
    "sampleCount" : 1823,
    "errorCount" : 0,
    "errorPct" : 0.0,
    "meanResTime" : 14.50575973669772,
    "medianResTime" : 13.0,
    "minResTime" : 6.0,
    "maxResTime" : 106.0,
    "pct1ResTime" : 21.600000000000136,
    "pct2ResTime" : 25.0,
    "pct3ResTime" : 36.0,
    "throughput" : 3.0713865718237767,
    "receivedKBytesPerSec" : 356.54207649814333,
    "sentKBytesPerSec" : 2.311695732764939
  },
  "Home" : {
    "transaction" : "Home",
    "sampleCount" : 1832,
    "errorCount" : 0,
    "errorPct" : 0.0,
    "meanResTime" : 7.426855895196519,
    "medianResTime" : 7.0,
    "minResTime" : 3.0,
    "maxResTime" : 156.0,
    "pct1ResTime" : 11.0,
    "pct2ResTime" : 12.0,
    "pct3ResTime" : 18.670000000000073,
    "throughput" : 3.0636015043754985,
    "receivedKBytesPerSec" : 27.27921730165605,
    "sentKBytesPerSec" : 0.43979435658515453
  }
}