{
  "Add Product to Cart-1" : {
    "transaction" : "Add Product to Cart-1",
    "sampleCount" : 1803,
    "errorCount" : 0,
    "errorPct" : 0.0,
    "meanResTime" : 17.20909595119243,
    "medianResTime" : 14.0,
    "minResTime" : 10.0,
    "maxResTime" : 289.0,
    "pct1ResTime" : 24.0,
    "pct2ResTime" : 33.0,
    "pct3ResTime" : 51.960000000000036,
    "throughput" : 3.0582336538004875,
    "receivedKBytesPerSec" : 78.18475762904626,
    "sentKBytesPerSec" : 2.615058845660972
  },
  "Add Product to Cart-0" : {
    "transaction" : "Add Product to Cart-0",
    "sampleCount" : 1803,
    "errorCount" : 0,
    "errorPct" : 0.0,
    "meanResTime" : 6.682750970604542,
    "medianResTime" : 5.0,
    "minResTime" : 3.0,
    "maxResTime" : 405.0,
    "pct1ResTime" : 9.0,
    "pct2ResTime" : 12.0,
    "pct3ResTime" : 26.960000000000036,
    "throughput" : 3.058192155559023,
    "receivedKBytesPerSec" : 2.7852547602974402,
    "sentKBytesPerSec" : 2.5798858351256184
  },
  "Add Product to Cart" : {
    "transaction" : "Add Product to Cart",
    "sampleCount" : 1803,
    "errorCount" : 0,
    "errorPct" : 0.0,
    "meanResTime" : 24.03438713255684,
    "medianResTime" : 20.0,
    "minResTime" : 13.0,
    "maxResTime" : 586.0,
    "pct1ResTime" : 34.0,
    "pct2ResTime" : 42.0,
    "pct3ResTime" : 69.0,
    "throughput" : 3.0581247233185826,
    "receivedKBytesPerSec" : 80.9671661313959,
    "sentKBytesPerSec" : 5.194794649914261
  },
  "Add Product 2 to Cart-1" : {
    "transaction" : "Add Product 2 to Cart-1",
    "sampleCount" : 1789,
    "errorCount" : 0,
    "errorPct" : 0.0,
    "meanResTime" : 17.108440469536056,
    "medianResTime" : 15.0,
    "minResTime" : 10.0,
    "maxResTime" : 281.0,
    "pct1ResTime" : 24.0,
    "pct2ResTime" : 31.0,
    "pct3ResTime" : 48.09999999999991,
    "throughput" : 3.0559517607167566,
    "receivedKBytesPerSec" : 79.81139047726826,
    "sentKBytesPerSec" : 2.959535783375896
  },
  "Add Product 2 to Cart-0" : {
    "transaction" : "Add Product 2 to Cart-0",
    "sampleCount" : 1789,
    "errorCount" : 0,
    "errorPct" : 0.0,
    "meanResTime" : 6.264952487423147,
    "medianResTime" : 5.0,
    "minResTime" : 2.0,
    "maxResTime" : 129.0,
    "pct1ResTime" : 8.0,
    "pct2ResTime" : 12.0,
    "pct3ResTime" : 25.09999999999991,
    "throughput" : 3.0559361003590597,
    "receivedKBytesPerSec" : 3.1296264351924608,
    "sentKBytesPerSec" : 2.953240048670352
  },
  "Add Product 2 to Cart" : {
    "transaction" : "Add Product 2 to Cart",
    "sampleCount" : 1789,
    "errorCount" : 0,
    "errorPct" : 0.0,
    "meanResTime" : 23.519843487982087,
    "medianResTime" : 20.0,
    "minResTime" : 13.0,
    "maxResTime" : 296.0,
    "pct1ResTime" : 34.0,
    "pct2ResTime" : 42.0,
    "pct3ResTime" : 60.0,
    "throughput" : 3.055701214252651,
    "receivedKBytesPerSec" : 82.93423291427042,
    "sentKBytesPerSec" : 5.912306197722999
  },
  "Login" : {
    "transaction" : "Login",
    "sampleCount" : 1820,
    "errorCount" : 0,
    "errorPct" : 0.0,
    "meanResTime" : 18.41758241758239,
    "medianResTime" : 16.0,
    "minResTime" : 11.0,
    "maxResTime" : 728.0,
    "pct1ResTime" : 25.0,
    "pct2ResTime" : 31.0,
    "pct3ResTime" : 48.0,
    "throughput" : 3.0534709744095645,
    "receivedKBytesPerSec" : 31.154890329850364,
    "sentKBytesPerSec" : 3.0498861344735193
  },
  "Login-0" : {
    "transaction" : "Login-0",
    "sampleCount" : 1820,
    "errorCount" : 0,
    "errorPct" : 0.0,
    "meanResTime" : 11.903296703296691,
    "medianResTime" : 11.0,
    "minResTime" : 7.0,
    "maxResTime" : 450.0,
    "pct1ResTime" : 15.0,
    "pct2ResTime" : 19.0,
    "pct3ResTime" : 31.789999999999964,
    "throughput" : 3.0534914661624493,
    "receivedKBytesPerSec" : 2.3944302774231216,
    "sentKBytesPerSec" : 0.8254460645612116
  },
  "Login-1" : {
    "transaction" : "Login-1",
    "sampleCount" : 1820,
    "errorCount" : 0,
    "errorPct" : 0.0,
    "meanResTime" : 6.365384615384626,
    "medianResTime" : 5.0,
    "minResTime" : 3.0,
    "maxResTime" : 278.0,
    "pct1ResTime" : 8.0,
    "pct2ResTime" : 11.0,
    "pct3ResTime" : 29.0,
    "throughput" : 3.053757883980691,
    "receivedKBytesPerSec" : 28.76317850682985,
    "sentKBytesPerSec" : 2.2246546222904193
  },
  "Logout-1" : {
    "transaction" : "Logout-1",
    "sampleCount" : 1784,
    "errorCount" : 0,
    "errorPct" : 0.0,
    "meanResTime" : 6.982062780269062,
    "medianResTime" : 5.0,
    "minResTime" : 3.0,
    "maxResTime" : 279.0,
    "pct1ResTime" : 8.0,
    "pct2ResTime" : 12.0,
    "pct3ResTime" : 35.30000000000018,
    "throughput" : 3.0592944073560253,
    "receivedKBytesPerSec" : 28.17598198806121,
    "sentKBytesPerSec" : 2.1970692711968463
  },
  "Logout-0" : {
    "transaction" : "Logout-0",
    "sampleCount" : 1784,
    "errorCount" : 0,
    "errorPct" : 0.0,
    "meanResTime" : 5.019618834080728,
    "medianResTime" : 4.0,
    "minResTime" : 1.0,
    "maxResTime" : 260.0,
    "pct1ResTime" : 6.0,
    "pct2ResTime" : 8.0,
    "pct3ResTime" : 26.600000000000364,
    "throughput" : 3.0592996535994783,
    "receivedKBytesPerSec" : 4.158735466611791,
    "sentKBytesPerSec" : 3.2542152586643
  },
  "Look at Product" : {
    "transaction" : "Look at Product",
    "sampleCount" : 1809,
    "errorCount" : 0,
    "errorPct" : 0.0,
    "meanResTime" : 20.066887783305667,
    "medianResTime" : 17.0,
    "minResTime" : 11.0,
    "maxResTime" : 466.0,
    "pct1ResTime" : 28.0,
    "pct2ResTime" : 37.0,
    "pct3ResTime" : 59.90000000000009,
    "throughput" : 3.0553819649703584,
    "receivedKBytesPerSec" : 327.9160403330687,
    "sentKBytesPerSec" : 2.2649167460139847
  },
  "Total" : {
    "transaction" : "Total",
    "sampleCount" : 28836,
    "errorCount" : 0,
    "errorPct" : 0.0,
    "meanResTime" : 13.249167707032889,
    "medianResTime" : 11.0,
    "minResTime" : 1.0,
    "maxResTime" : 728.0,
    "pct1ResTime" : 21.0,
    "pct2ResTime" : 27.0,
    "pct3ResTime" : 45.0,
    "throughput" : 48.21154495631268,
    "receivedKBytesPerSec" : 1495.1904042984488,
    "sentKBytesPerSec" : 46.12366369015773
  },
  "Logout" : {
    "transaction" : "Logout",
    "sampleCount" : 1784,
    "errorCount" : 0,
    "errorPct" : 0.0,
    "meanResTime" : 12.144058295964147,
    "medianResTime" : 9.0,
    "minResTime" : 5.0,
    "maxResTime" : 538.0,
    "pct1ResTime" : 15.0,
    "pct2ResTime" : 22.75,
    "pct3ResTime" : 49.30000000000018,
    "throughput" : 3.0592681764086525,
    "receivedKBytesPerSec" : 32.334433079366065,
    "sentKBytesPerSec" : 5.451232209108011
  },
  "List Products with different page" : {
    "transaction" : "List Products with different page",
    "sampleCount" : 1796,
    "errorCount" : 0,
    "errorPct" : 0.0,
    "meanResTime" : 13.838530066815132,
    "medianResTime" : 12.0,
    "minResTime" : 7.0,
    "maxResTime" : 252.0,
    "pct1ResTime" : 19.0,
    "pct2ResTime" : 28.0,
    "pct3ResTime" : 44.0,
    "throughput" : 3.0560329425377324,
    "receivedKBytesPerSec" : 352.6502532691555,
    "sentKBytesPerSec" : 2.67779256761643
  },
  "List Products" : {
    "transaction" : "List Products",
    "sampleCount" : 1813,
    "errorCount" : 0,
    "errorPct" : 0.0,
    "meanResTime" : 14.414230557087679,
    "medianResTime" : 11.0,
    "minResTime" : 7.0,
    "maxResTime" : 553.0,
    "pct1ResTime" : 20.0,
    "pct2ResTime" : 29.0,
    "pct3ResTime" : 54.5799999999997,
    "throughput" : 3.0488009955268556,
    "receivedKBytesPerSec" : 351.7436286465165,
    "sentKBytesPerSec" : 2.2974886647411967
  },
  "Home" : {
    "transaction" : "Home",
    "sampleCount" : 1830,
    "errorCount" : 0,
    "errorPct" : 0.0,
    "meanResTime" : 7.987431693989079,
    "medianResTime" : 6.0,
    "minResTime" : 3.0,
    "maxResTime" : 712.0,
    "pct1ResTime" : 9.0,
    "pct2ResTime" : 13.0,
    "pct3ResTime" : 26.690000000000055,
    "throughput" : 3.0604053782861733,
    "receivedKBytesPerSec" : 27.25075804610676,
    "sentKBytesPerSec" : 0.4423242148304234
  }
}