{
  "Add Product to Cart-1" : {
    "transaction" : "Add Product to Cart-1",
    "sampleCount" : 1802,
    "errorCount" : 0,
    "errorPct" : 0.0,
    "meanResTime" : 16.45893451720313,
    "medianResTime" : 14.0,
    "minResTime" : 9.0,
    "maxResTime" : 178.0,
    "pct1ResTime" : 22.0,
    "pct2ResTime" : 30.0,
    "pct3ResTime" : 54.0,
    "throughput" : 3.0516253037654213,
    "receivedKBytesPerSec" : 78.0293902967587,
    "sentKBytesPerSec" : 2.6094306329963337
  },
  "Add Product to Cart-0" : {
    "transaction" : "Add Product to Cart-0",
    "sampleCount" : 1802,
    "errorCount" : 0,
    "errorPct" : 0.0,
    "meanResTime" : 6.5571587125416215,
    "medianResTime" : 5.0,
    "minResTime" : 3.0,
    "maxResTime" : 298.0,
    "pct1ResTime" : 9.0,
    "pct2ResTime" : 13.0,
    "pct3ResTime" : 23.970000000000027,
    "throughput" : 3.051501281054783,
    "receivedKBytesPerSec" : 2.7791835397795874,
    "sentKBytesPerSec" : 2.5747620856681044
  },
  "Add Product to Cart" : {
    "transaction" : "Add Product to Cart",
    "sampleCount" : 1802,
    "errorCount" : 0,
    "errorPct" : 0.0,
    "meanResTime" : 23.164816870144296,
    "medianResTime" : 19.0,
    "minResTime" : 13.0,
    "maxResTime" : 451.0,
    "pct1ResTime" : 32.0,
    "pct2ResTime" : 40.0,
    "pct3ResTime" : 69.97000000000003,
    "throughput" : 3.051418604848064,
    "receivedKBytesPerSec" : 80.80321329238247,
    "sentKBytesPerSec" : 5.1839462117620165
  },
  "Add Product 2 to Cart-1" : {
    "transaction" : "Add Product 2 to Cart-1",
    "sampleCount" : 1788,
    "errorCount" : 0,
    "errorPct" : 0.0,
    "meanResTime" : 17.615771812080546,
    "medianResTime" : 14.0,
    "minResTime" : 10.0,
    "maxResTime" : 508.0,
    "pct1ResTime" : 24.0,
    "pct2ResTime" : 32.0,
    "pct3ResTime" : 64.0,
    "throughput" : 3.053403828025739,
    "receivedKBytesPerSec" : 79.7824709265962,
    "sentKBytesPerSec" : 2.96020299350554
  },
  "Add Product 2 to Cart-0" : {
    "transaction" : "Add Product 2 to Cart-0",
    "sampleCount" : 1788,
    "errorCount" : 0,
    "errorPct" : 0.0,
    "meanResTime" : 6.601230425055931,
    "medianResTime" : 5.0,
    "minResTime" : 3.0,
    "maxResTime" : 323.0,
    "pct1ResTime" : 8.0,
    "pct2ResTime" : 12.0,
    "pct3ResTime" : 24.1099999999999,
    "throughput" : 3.0534194711846347,
    "receivedKBytesPerSec" : 3.1301838914618676,
    "sentKBytesPerSec" : 2.950752270639186
  },
  "Add Product 2 to Cart" : {
    "transaction" : "Add Product 2 to Cart",
    "sampleCount" : 1788,
    "errorCount" : 0,
    "errorPct" : 0.0,
    "meanResTime" : 24.352908277404925,
    "medianResTime" : 20.0,
    "minResTime" : 13.0,
    "maxResTime" : 680.0,
    "pct1ResTime" : 33.0,
    "pct2ResTime" : 41.549999999999955,
    "pct3ResTime" : 78.0,
    "throughput" : 3.0532786885245904,
    "receivedKBytesPerSec" : 82.90924072265625,
    "sentKBytesPerSec" : 5.910697895321038
  },
  "Login" : {
    "transaction" : "Login",
    "sampleCount" : 1821,
    "errorCount" : 0,
    "errorPct" : 0.0,
    "meanResTime" : 18.309170785282838,
    "medianResTime" : 16.0,
    "minResTime" : 10.0,
    "maxResTime" : 265.0,
    "pct1ResTime" : 24.0,
    "pct2ResTime" : 30.0,
    "pct3ResTime" : 58.559999999999945,
    "throughput" : 3.054323687865227,
    "receivedKBytesPerSec" : 31.16362836011248,
    "sentKBytesPerSec" : 3.0507758512606427
  },
  "Login-0" : {
    "transaction" : "Login-0",
    "sampleCount" : 1821,
    "errorCount" : 0,
    "errorPct" : 0.0,
    "meanResTime" : 12.054914881933005,
    "medianResTime" : 10.0,
    "minResTime" : 7.0,
    "maxResTime" : 228.0,
    "pct1ResTime" : 16.0,
    "pct2ResTime" : 20.0,
    "pct3ResTime" : 33.0,
    "throughput" : 3.0543493028334496,
    "receivedKBytesPerSec" : 2.395140664023254,
    "sentKBytesPerSec" : 0.8256782629415682
  },
  "Login-1" : {
    "transaction" : "Login-1",
    "sampleCount" : 1821,
    "errorCount" : 0,
    "errorPct" : 0.0,
    "meanResTime" : 6.106534870950036,
    "medianResTime" : 5.0,
    "minResTime" : 3.0,
    "maxResTime" : 70.0,
    "pct1ResTime" : 8.0,
    "pct2ResTime" : 11.0,
    "pct3ResTime" : 30.0,
    "throughput" : 3.0547489519745152,
    "receivedKBytesPerSec" : 28.77251332206465,
    "sentKBytesPerSec" : 2.225414321819731
  },
  "Logout-1" : {
    "transaction" : "Logout-1",
    "sampleCount" : 1781,
    "errorCount" : 0,
    "errorPct" : 0.0,
    "meanResTime" : 6.167321729365517,
    "medianResTime" : 5.0,
    "minResTime" : 3.0,
    "maxResTime" : 79.0,
    "pct1ResTime" : 8.0,
    "pct2ResTime" : 11.0,
    "pct3ResTime" : 29.0,
    "throughput" : 3.057132852248306,
    "receivedKBytesPerSec" : 28.156074149954854,
    "sentKBytesPerSec" : 2.193713556006811
  },
  "Logout-0" : {
    "transaction" : "Logout-0",
    "sampleCount" : 1781,
    "errorCount" : 0,
    "errorPct" : 0.0,
    "meanResTime" : 4.311061201572152,
    "medianResTime" : 3.0,
    "minResTime" : 1.0,
    "maxResTime" : 138.0,
    "pct1ResTime" : 6.0,
    "pct2ResTime" : 8.0,
    "pct3ResTime" : 23.180000000000064,
    "throughput" : 3.057127604609208,
    "receivedKBytesPerSec" : 4.155782837515642,
    "sentKBytesPerSec" : 3.2550507618787687
  },
  "Look at Product" : {
    "transaction" : "Look at Product",
    "sampleCount" : 1810,
    "errorCount" : 0,
    "errorPct" : 0.0,
    "meanResTime" : 20.08674033149169,
    "medianResTime" : 17.0,
    "minResTime" : 11.0,
    "maxResTime" : 490.0,
    "pct1ResTime" : 29.0,
    "pct2ResTime" : 37.44999999999982,
    "pct3ResTime" : 60.779999999999745,
    "throughput" : 3.0530488319136375,
    "receivedKBytesPerSec" : 328.5483687115206,
    "sentKBytesPerSec" : 2.263575841275196
  },
  "Total" : {
    "transaction" : "Total",
    "sampleCount" : 28820,
    "errorCount" : 0,
    "errorPct" : 0.0,
    "meanResTime" : 12.980742539902911,
    "medianResTime" : 11.0,
    "minResTime" : 1.0,
    "maxResTime" : 680.0,
    "pct1ResTime" : 21.0,
    "pct2ResTime" : 25.0,
    "pct3ResTime" : 42.0,
    "throughput" : 48.199541418658676,
    "receivedKBytesPerSec" : 1497.792279622356,
    "sentKBytesPerSec" : 46.120964286640096
  },
  "Logout" : {
    "transaction" : "Logout",
    "sampleCount" : 1781,
    "errorCount" : 0,
    "errorPct" : 0.0,
    "meanResTime" : 10.64177428411005,
    "medianResTime" : 9.0,
    "minResTime" : 5.0,
    "maxResTime" : 217.0,
    "pct1ResTime" : 14.0,
    "pct2ResTime" : 20.0,
    "pct3ResTime" : 39.720000000000255,
    "throughput" : 3.057101366683946,
    "receivedKBytesPerSec" : 32.311531339473,
    "sentKBytesPerSec" : 5.448713788110777
  },
  "List Products with different page" : {
    "transaction" : "List Products with different page",
    "sampleCount" : 1794,
    "errorCount" : 0,
    "errorPct" : 0.0,
    "meanResTime" : 13.93255295429208,
    "medianResTime" : 11.0,
    "minResTime" : 7.0,
    "maxResTime" : 431.0,
    "pct1ResTime" : 19.0,
    "pct2ResTime" : 26.25,
    "pct3ResTime" : 51.149999999999864,
    "throughput" : 3.0515393774451436,
    "receivedKBytesPerSec" : 352.5832943527811,
    "sentKBytesPerSec" : 2.673683276811533
  },
  "List Products" : {
    "transaction" : "List Products",
    "sampleCount" : 1815,
    "errorCount" : 0,
    "errorPct" : 0.0,
    "meanResTime" : 13.868319559228627,
    "medianResTime" : 11.0,
    "minResTime" : 7.0,
    "maxResTime" : 428.0,
    "pct1ResTime" : 19.0,
    "pct2ResTime" : 27.0,
    "pct3ResTime" : 49.0,
    "throughput" : 3.056255304244743,
    "receivedKBytesPerSec" : 353.47414612183934,
    "sentKBytesPerSec" : 2.303352164279195
  },
  "Home" : {
    "transaction" : "Home",
    "sampleCount" : 1825,
    "errorCount" : 0,
    "errorPct" : 0.0,
    "meanResTime" : 7.393424657534254,
    "medianResTime" : 5.0,
    "minResTime" : 3.0,
    "maxResTime" : 376.0,
    "pct1ResTime" : 9.0,
    "pct2ResTime" : 13.0,
    "pct3ResTime" : 36.0,
    "throughput" : 3.05327930562573,
    "receivedKBytesPerSec" : 27.187305379585357,
    "sentKBytesPerSec" : 0.4412942746412188
  }
}