{
  "Add Product to Cart-1" : {
    "transaction" : "Add Product to Cart-1",
    "sampleCount" : 9025,
    "errorCount" : 0,
    "errorPct" : 0.0,
    "meanResTime" : 20.07257617728536,
    "medianResTime" : 18.0,
    "minResTime" : 9.0,
    "maxResTime" : 305.0,
    "pct1ResTime" : 29.0,
    "pct2ResTime" : 34.0,
    "pct3ResTime" : 48.0,
    "throughput" : 15.278069326038231,
    "receivedKBytesPerSec" : 376.1983107417524,
    "sentKBytesPerSec" : 12.279404358439589
  },
  "Add Product to Cart-0" : {
    "transaction" : "Add Product to Cart-0",
    "sampleCount" : 9025,
    "errorCount" : 0,
    "errorPct" : 0.0,
    "meanResTime" : 6.276232686980624,
    "medianResTime" : 5.0,
    "minResTime" : 2.0,
    "maxResTime" : 151.0,
    "pct1ResTime" : 9.0,
    "pct2ResTime" : 11.0,
    "pct3ResTime" : 18.0,
    "throughput" : 15.278431425659639,
    "receivedKBytesPerSec" : 12.656898195917739,
    "sentKBytesPerSec" : 8.104702315528812
  },
  "Add Product to Cart" : {
    "transaction" : "Add Product to Cart",
    "sampleCount" : 9025,
    "errorCount" : 0,
    "errorPct" : 0.0,
    "meanResTime" : 26.451634349030613,
    "medianResTime" : 24.0,
    "minResTime" : 12.0,
    "maxResTime" : 313.0,
    "pct1ResTime" : 37.0,
    "pct2ResTime" : 43.0,
    "pct3ResTime" : 64.0,
    "throughput" : 15.27786241967484,
    "receivedKBytesPerSec" : 388.8496428217746,
    "sentKBytesPerSec" : 20.38363853878884
  },
  "Add Product 2 to Cart-1" : {
    "transaction" : "Add Product 2 to Cart-1",
    "sampleCount" : 8961,
    "errorCount" : 0,
    "errorPct" : 0.0,
    "meanResTime" : 20.796674478294808,
    "medianResTime" : 19.0,
    "minResTime" : 9.0,
    "maxResTime" : 235.0,
    "pct1ResTime" : 30.0,
    "pct2ResTime" : 35.0,
    "pct3ResTime" : 50.3799999999992,
    "throughput" : 15.26791692862875,
    "receivedKBytesPerSec" : 384.48093091740395,
    "sentKBytesPerSec" : 14.003936565988035
  },
  "Add Product 2 to Cart-0" : {
    "transaction" : "Add Product 2 to Cart-0",
    "sampleCount" : 8961,
    "errorCount" : 0,
    "errorPct" : 0.0,
    "meanResTime" : 6.480526726927779,
    "medianResTime" : 6.0,
    "minResTime" : 2.0,
    "maxResTime" : 180.0,
    "pct1ResTime" : 9.0,
    "pct2ResTime" : 11.0,
    "pct3ResTime" : 18.0,
    "throughput" : 15.268359175327994,
    "receivedKBytesPerSec" : 14.387968696754132,
    "sentKBytesPerSec" : 13.970479492353894
  },
  "Add Product 2 to Cart" : {
    "transaction" : "Add Product 2 to Cart",
    "sampleCount" : 8961,
    "errorCount" : 0,
    "errorPct" : 0.0,
    "meanResTime" : 27.38600602611319,
    "medianResTime" : 25.0,
    "minResTime" : 12.0,
    "maxResTime" : 239.0,
    "pct1ResTime" : 39.0,
    "pct2ResTime" : 46.0,
    "pct3ResTime" : 66.0,
    "throughput" : 15.267786860945748,
    "receivedKBytesPerSec" : 398.8650848994841,
    "sentKBytesPerSec" : 27.973773093464718
  },
  "Login" : {
    "transaction" : "Login",
    "sampleCount" : 9130,
    "errorCount" : 0,
    "errorPct" : 0.0,
    "meanResTime" : 16.184556407447992,
    "medianResTime" : 15.0,
    "minResTime" : 6.0,
    "maxResTime" : 203.0,
    "pct1ResTime" : 24.0,
    "pct2ResTime" : 28.0,
    "pct3ResTime" : 39.0,
    "throughput" : 15.28673084972792,
    "receivedKBytesPerSec" : 158.31001465048138,
    "sentKBytesPerSec" : 10.530022041125994
  },
  "Login-0" : {
    "transaction" : "Login-0",
    "sampleCount" : 9130,
    "errorCount" : 0,
    "errorPct" : 0.0,
    "meanResTime" : 8.983023001095276,
    "medianResTime" : 8.0,
    "minResTime" : 3.0,
    "maxResTime" : 151.0,
    "pct1ResTime" : 15.0,
    "pct2ResTime" : 17.0,
    "pct3ResTime" : 25.0,
    "throughput" : 15.286910018200297,
    "receivedKBytesPerSec" : 7.160263062417642,
    "sentKBytesPerSec" : 4.128668497370417
  },
  "Login-1" : {
    "transaction" : "Login-1",
    "sampleCount" : 9130,
    "errorCount" : 0,
    "errorPct" : 0.0,
    "meanResTime" : 7.1161007667031635,
    "medianResTime" : 6.0,
    "minResTime" : 3.0,
    "maxResTime" : 191.0,
    "pct1ResTime" : 10.0,
    "pct2ResTime" : 12.0,
    "pct3ResTime" : 17.0,
    "throughput" : 15.28719157714255,
    "receivedKBytesPerSec" : 151.154391020261,
    "sentKBytesPerSec" : 6.401594865458482
  },
  "Logout-1" : {
    "transaction" : "Logout-1",
    "sampleCount" : 8938,
    "errorCount" : 0,
    "errorPct" : 0.0,
    "meanResTime" : 7.260013425822329,
    "medianResTime" : 6.0,
    "minResTime" : 3.0,
    "maxResTime" : 158.0,
    "pct1ResTime" : 10.0,
    "pct2ResTime" : 12.0,
    "pct3ResTime" : 18.0,
    "throughput" : 15.275707898658718,
    "receivedKBytesPerSec" : 143.5355805811537,
    "sentKBytesPerSec" : 10.26474652235384
  },
  "Logout-0" : {
    "transaction" : "Logout-0",
    "sampleCount" : 8938,
    "errorCount" : 0,
    "errorPct" : 0.0,
    "meanResTime" : 5.192436786753184,
    "medianResTime" : 4.0,
    "minResTime" : 2.0,
    "maxResTime" : 200.0,
    "pct1ResTime" : 7.0,
    "pct2ResTime" : 9.0,
    "pct3ResTime" : 15.0,
    "throughput" : 15.275838436388558,
    "receivedKBytesPerSec" : 18.445270747487214,
    "sentKBytesPerSec" : 15.46610311500717
  },
  "Look at Product" : {
    "transaction" : "Look at Product",
    "sampleCount" : 9062,
    "errorCount" : 0,
    "errorPct" : 0.0,
    "meanResTime" : 23.044912822776382,
    "medianResTime" : 21.0,
    "minResTime" : 10.0,
    "maxResTime" : 216.0,
    "pct1ResTime" : 33.0,
    "pct2ResTime" : 38.0,
    "pct3ResTime" : 53.0,
    "throughput" : 15.279402987087876,
    "receivedKBytesPerSec" : 1594.1712243513166,
    "sentKBytesPerSec" : 6.546772016410773
  },
  "Total" : {
    "transaction" : "Total",
    "sampleCount" : 144457,
    "errorCount" : 0,
    "errorPct" : 0.0,
    "meanResTime" : 14.082522826861933,
    "medianResTime" : 11.0,
    "minResTime" : 2.0,
    "maxResTime" : 313.0,
    "pct1ResTime" : 24.0,
    "pct2ResTime" : 28.0,
    "pct3ResTime" : 37.0,
    "throughput" : 241.17447697976368,
    "receivedKBytesPerSec" : 7404.816503036761,
    "sentKBytesPerSec" : 194.03653830963583
  },
  "Logout" : {
    "transaction" : "Logout",
    "sampleCount" : 8938,
    "errorCount" : 0,
    "errorPct" : 0.0,
    "meanResTime" : 12.570709330946542,
    "medianResTime" : 11.0,
    "minResTime" : 5.0,
    "maxResTime" : 242.0,
    "pct1ResTime" : 17.0,
    "pct2ResTime" : 20.0,
    "pct3ResTime" : 31.0,
    "throughput" : 15.275603470081146,
    "receivedKBytesPerSec" : 161.97958636620774,
    "sentKBytesPerSec" : 25.730541572098524
  },
  "List Products with different page" : {
    "transaction" : "List Products with different page",
    "sampleCount" : 8985,
    "errorCount" : 0,
    "errorPct" : 0.0,
    "meanResTime" : 14.997106288258186,
    "medianResTime" : 13.0,
    "minResTime" : 7.0,
    "maxResTime" : 150.0,
    "pct1ResTime" : 21.0,
    "pct2ResTime" : 25.0,
    "pct3ResTime" : 39.0,
    "throughput" : 15.25751838204079,
    "receivedKBytesPerSec" : 1774.8799184164275,
    "sentKBytesPerSec" : 12.58475127729712
  },
  "List Products" : {
    "transaction" : "List Products",
    "sampleCount" : 9091,
    "errorCount" : 0,
    "errorPct" : 0.0,
    "meanResTime" : 14.907160928390718,
    "medianResTime" : 13.0,
    "minResTime" : 7.0,
    "maxResTime" : 198.0,
    "pct1ResTime" : 21.0,
    "pct2ResTime" : 25.0,
    "pct3ResTime" : 37.0,
    "throughput" : 15.265932168951267,
    "receivedKBytesPerSec" : 1774.604265466076,
    "sentKBytesPerSec" : 6.727715347815902
  },
  "Home" : {
    "transaction" : "Home",
    "sampleCount" : 9157,
    "errorCount" : 0,
    "errorPct" : 0.0,
    "meanResTime" : 7.693349350223887,
    "medianResTime" : 7.0,
    "minResTime" : 3.0,
    "maxResTime" : 191.0,
    "pct1ResTime" : 11.0,
    "pct2ResTime" : 14.0,
    "pct3ResTime" : 21.0,
    "throughput" : 15.294703225634036,
    "receivedKBytesPerSec" : 136.1885781360656,
    "sentKBytesPerSec" : 2.195626341961136
  }
}